-- phpMyAdmin SQL Dump
-- version 4.9.1
-- https://www.phpmyadmin.net/
--
-- Host: mysql
-- Generation Time: May 25, 2020 at 06:07 PM
-- Server version: 10.4.8-MariaDB-1:10.4.8+maria~bionic
-- PHP Version: 7.2.22

SET SQL_MODE = "NO_AUTO_VALUE_ON_ZERO";
SET AUTOCOMMIT = 0;
START TRANSACTION;
SET time_zone = "+00:00";


/*!40101 SET @OLD_CHARACTER_SET_CLIENT=@@CHARACTER_SET_CLIENT */;
/*!40101 SET @OLD_CHARACTER_SET_RESULTS=@@CHARACTER_SET_RESULTS */;
/*!40101 SET @OLD_COLLATION_CONNECTION=@@COLLATION_CONNECTION */;
/*!40101 SET NAMES utf8mb4 */;

--
-- Database: `projet_web_db`
--

-- --------------------------------------------------------

--
-- Table structure for table `comments`
--

CREATE TABLE `comments` (
  `id` int(11) NOT NULL,
  `post_id` int(11) NOT NULL,
  `created_by` int(11) NOT NULL,
  `comment` text NOT NULL,
  `date_created` datetime NOT NULL,
  `date_edited` datetime NOT NULL,
  `is_visible` tinyint(4) NOT NULL DEFAULT 1,
  `flags` int(11) NOT NULL DEFAULT 0
) ENGINE=InnoDB DEFAULT CHARSET=latin1;

--
-- Dumping data for table `comments`
--

INSERT INTO `comments` (`id`, `post_id`, `created_by`, `comment`, `date_created`, `date_edited`, `is_visible`, `flags`) VALUES
(1, 1, 12, 'Pense à autre chose !', '2020-04-19 00:00:00', '2020-05-25 17:38:56', 1, 0),
(2, 1, 13, 'Eh, on va s\'en sortir, tous les deux.', '2020-04-19 00:00:00', '2020-04-29 19:51:47', 1, 0),
(3, 1, 12, 'Cette fois, on va en finir.', '2020-04-19 16:52:10', '2020-05-25 17:37:56', 1, 0),
(4, 6, 12, 'Pas de risques inutiles, d\'accord ?', '2020-04-19 16:52:20', '2020-05-25 14:31:32', 1, 0),
(5, 6, 14, 'Je crois que je peux caser ça dans mon planning.', '2020-04-19 16:53:03', '2020-05-25 14:19:04', 1, 0),
(6, 1, 2, 'Vous voulez pas que j\'entre ? D\'accord, j\'entre pas.', '2020-04-19 17:00:07', '2020-05-25 17:39:22', 1, 0),
(7, 7, 12, 'Cette odeur. Ça me rappelle... Je veux même pas y penser.', '2020-04-21 16:07:21', '2020-05-25 17:36:40', 1, 0),
(8, 1, 2, 'On dirait que quelqu\'un a oublié de mettre son uniforme.', '2020-04-29 19:49:11', '2020-04-29 19:49:11', 1, 0),
(9, 1, 25, 'Bonjour les amis.', '2020-04-29 21:17:48', '2020-04-29 21:29:07', 1, 0),
(10, 1, 15, 'Claire ! Il est derrière toi !', '2020-05-04 23:13:32', '2020-05-25 17:41:07', 1, 0),
(11, 1, 24, 'Il faut que tu sauves ta peau !', '2020-05-24 16:52:49', '2020-05-25 17:43:29', 1, 0);

-- --------------------------------------------------------

--
-- Table structure for table `minichat`
--

CREATE TABLE `minichat` (
  `messageID` int(11) NOT NULL,
  `userID` int(11) NOT NULL,
  `message` text NOT NULL,
  `date_creation` datetime NOT NULL,
  `date_edition` datetime NOT NULL,
  `is_visible` tinyint(4) NOT NULL DEFAULT 1,
  `flags` int(11) NOT NULL DEFAULT 0
) ENGINE=InnoDB DEFAULT CHARSET=latin1;

--
-- Dumping data for table `minichat`
--

INSERT INTO `minichat` (`messageID`, `userID`, `message`, `date_creation`, `date_edition`, `is_visible`, `flags`) VALUES
(1, 1, 'hello', '2020-04-14 00:00:00', '2020-04-14 00:00:00', 1, 0),
(2, 2, 'Accroche-toi, super flic.\r\nÇa va aller.', '2020-04-14 00:00:00', '2020-04-29 23:14:55', 1, 0),
(3, 13, 'Comme dirait Chris: \"Pas de quartier !\"', '2020-04-15 00:00:00', '2020-04-05 00:00:00', 1, 0),
(4, 13, 'Eh voilà. J\'suis dans la merde... au sens propre...', '2020-04-10 00:00:00', '2020-04-06 00:00:00', 1, 0),
(5, 14, 'C\'est pas comme ça que j\'imaginais mon premier jour.', '2020-04-02 00:00:00', '2020-04-01 00:00:00', 1, 0),
(7, 14, 'Il est encore vivant ?', '2020-04-02 00:00:00', '2020-04-01 00:00:00', 1, 0),
(8, 12, 'Je sais ce que c\'est qu\'un talkie.', '2020-04-15 00:00:00', '2020-04-05 00:00:00', 1, 0),
(10, 2, 'Hé, du con !', '2020-04-16 14:44:07', '2020-04-16 14:44:07', 1, 0),
(11, 12, 'Tu vas voir ta gueule, enfoiré !', '2020-04-16 23:33:39', '2020-04-16 23:33:39', 1, 0),
(12, 12, 'Eh, j\'suis super flic.\r\nC\'est comme-si c\'était fait.', '2020-04-16 23:47:00', '2020-04-29 23:16:05', 1, 0),
(13, 12, 'C\'est les S.T.A.R.S. que tu veux ? Alors a-mène toi !', '2020-04-17 17:48:31', '2020-04-17 17:48:31', 1, 0),
(14, 12, 'Ce truc sait même pas nager.', '2020-04-17 17:50:31', '2020-04-17 17:50:31', 1, 0),
(16, 12, 'Parfait pour coller des migraines.', '2020-04-19 17:45:26', '2020-05-25 14:44:29', 1, 0),
(17, 2, 'Ça craint de tirer sur les flics.', '2020-04-21 15:42:30', '2020-04-29 23:15:47', 1, 0),
(18, 18, 'Où est Leon quand on a besoin de lui?', '2020-04-27 20:29:49', '2020-04-29 23:15:13', 1, 0),
(19, 15, 'Tu as besoin d\'aide.', '2020-05-04 23:14:02', '2020-05-23 14:34:25', 1, 0),
(20, 24, 'Si jamais tu vois une de ces choses, uniforme ou pas, tu ne dois pas hésiter.\r\nTu tirs, ou tu cours.', '2020-05-24 16:53:45', '2020-05-25 14:43:54', 1, 0);

-- --------------------------------------------------------

--
-- Table structure for table `posts`
--

CREATE TABLE `posts` (
  `id` int(11) NOT NULL,
  `created_by` int(11) NOT NULL,
  `title` varchar(255) NOT NULL,
  `content` text NOT NULL,
  `date_created` datetime NOT NULL,
  `date_edited` datetime NOT NULL,
  `is_published` tinyint(4) NOT NULL DEFAULT 1
) ENGINE=InnoDB DEFAULT CHARSET=latin1;

--
-- Dumping data for table `posts`
--

INSERT INTO `posts` (`id`, `created_by`, `title`, `content`, `date_created`, `date_edited`, `is_published`) VALUES
(1, 13, 'Resident Evil 2 Remake', 'The game is set in Raccoon City in September 1998, two months after the events of Resident Evil. Most of the citizens have been turned into mindless zombies, due to an outbreak of a viral bioweapon known as the T-Virus, manufactured by Umbrella Corporation.[2][3] The game begins at a gas station outside of the city, where rookie police officer Leon S. Kennedy (Nick Apostolides) meets college student Claire Redfield (Stephanie Panisello), who is looking for her brother Chris Redfield.\r\n\r\nAfter being separated following a car accident, Leon and Claire agree to meet up at the city\'s police department. The building is infested by zombies, and other monsters, including the &quot;Tyrant&quot;,[b] who is dispatched to hunt down and kill any survivors. The creatures and various obstacles prevent Leon and Claire from actually reuniting as they are forced to find a way to escape the city.\r\n\r\nClaire scenario:\r\n\r\nClaire encounters Sherry Birkin (Eliza Pryor), a young girl being pursued by a monstrous creature. In the police station parking garage, corrupt Police Chief Brian Irons (Sid Carton) abducts Sherry, and locks her in an abandoned orphanage. Claire soon receives a call from Irons to trade Sherry for a pendant she had dropped during the abduction, threatening to kill the little girl if Claire does not comply. Reluctantly, Claire agrees to do so.\r\n\r\nSherry tries to escape on her own, but is soon cornered by Irons. Before Irons can harm her, the creature that had been chasing Sherry returns and implants Irons with a parasite. Claire arrives to save Sherry, and the parasite bursts out of Irons\' chest, killing him. As Claire and Sherry attempt to leave, the Tyrant arrives and chases the pair into an elevator, but is killed by the creature stalking Sherry. The creature then tries to attack Claire and Sherry as it mutates, but accidentally causes the elevator to fall into the sewers. Claire is knocked unconscious, and Sherry is forced to abandon her to escape.\r\n\r\nClaire is found by Annette (Karen Strassman), Sherry\'s mother, who reveals that the creature after Sherry is William (Terence J. Rotolo), her husband. The Birkins developed the G-Virus for Umbrella; however, William planned to sell it to the U.S. military. Umbrella sent its paramilitary force to confiscate his work, leading to William being fatally shot. To avoid death, William had injected himself with the G-Virus. In the process of taking revenge on the Umbrella soldiers, sewers rats infected by shattered vials of the T-virus carry their infection to Raccoon City. Now a mindless mutating beast, the G-Virus drives William to infect Sherry, as she is the closest genetic match to William and thus the most suitable host to spread the infection.\r\n\r\nClaire finds Sherry trapped in a trash compactor by Annette. Upon reaching her, however, Sherry falls ill. Annette realizes William has already infected Sherry and has Claire bring her to an Umbrella lab called NEST, where a vaccine is stored. Once there, Claire uses Sherry\'s pendant to unlock the vaccine, but William attacks after mutating again. Claire sends Annette to administer the vaccine while she fights William. After seemingly killing him, Claire reunites with Annette, who has managed to cure Sherry before dying from internal injuries. Sherry tearfully bids her mother goodbye. As the facility enacts a self-destruct protocol, Claire and Sherry make their way to an evacuation train. William returns yet again, now mutated into a much larger monster, and Claire defeats him just as the train prepares to leave. Upon boarding, Claire discovers Leon there as well.\r\n\r\nLeon scenario:\r\n\r\nLeon is saved from an infected dog by FBI agent, Ada Wong (Jolene Andersen). They find reporter Ben Bertolucci in the holding cells; imprisoned by Irons for investigating Umbrella. As Ben tries to convince Leon to release him, the Tyrant kills Ben. While attempting to escape the police station, Leon is intercepted by the Tyrant but is again saved by Ada. Leon pledges to help Ada retrieve a G-Virus sample to prove Umbrella\'s corruption.\r\n\r\nIn the sewers, Annette Birkin ambushes the pair and shoots at Ada; Leon takes the bullet and passes out. Ada pursues Annette but is knocked into a trash compactor. Leon rescues her, and they descend to NEST via cable car, where Ada kisses Leon.\r\n\r\nAda, injured, requests that Leon obtain the G sample. In Birkin\'s lab, Leon obtains a sample but is attacked by a now much more deadly William. Annette tries to kill him, but is mortally wounded. Leon defeats William and tends to Annette, who claims that Ada is a mercenary and will sell the virus to the highest bidder.\r\n\r\nLeon confronts Ada as the lab\'s self-destruct protocol begins, where she admits to being a mercenary. Ada demands the G-Virus sample from Leon at gunpoint, but Annette shoots Ada before succumbing to her injuries. As Ada falls off the bridge; Leon catches her, letting the virus sample fall into the abyss. Leon loses his grip and Ada falls.\r\n\r\nAs Leon attempts to escape the lab, he is ambushed by the Tyrant, now transformed into the larger and more powerful Super Tyrant and engages it in a final battle. Ada, having survived the fall, tosses a rocket launcher to him, which Leon uses to finally destroy the Super Tyrant. Leon boards the evacuation train, discovering Claire and Sherry already aboard.\r\n\r\nEnding:\r\n\r\nAfter Leon, Claire, and Sherry reunite, William attacks the train, having mutated into a gigantic horrifying mass of fangs and flesh. Claire and Leon are almost killed in the fight, but manage to uncouple the carriage occupied by William. The carriage falls behind and is consumed by the exploding lab, destroying William once and for all. As the three survivors finally escape Raccoon City, they vow to continue the fight against Umbrella. ', '2020-04-17 00:00:00', '2020-04-29 19:29:45', 1),
(2, 12, 'Resident Evil 3 Remake', 'Raccoon City is thrown into chaos by a zombie apocalypse caused by an outbreak of the T-Virus that was created by pharmaceutical company Umbrella Corp. On September 28, 1998, former Special Tactics And Rescue Service (S.T.A.R.S.) member Jill Valentine is attacked in her apartment by an Umbrella-created intelligent bioweapon known as Nemesis-T Type, who attempts to kill her and all remaining members of S.T.A.R.S.[4] Upon escaping her building, she meets up with fellow S.T.A.R.S. officer Brad Vickers, but Brad is bitten by a zombie and tells Jill to save herself. After another encounter with Nemesis, she is saved by Umbrella Biohazard Countermeasure Service (U.B.C.S.) mercenary Carlos Oliveira. Carlos and his group of surviving U.B.C.S. mercenaries - Mikhail Victor, Tyrell Patrick, and Nicholai Ginovaef - have set up subway trains which they plan to use to evacuate civilians from the city.\r\n\r\nAfter surviving several encounters with Nemesis, Jill manages to reactivate power to the subway, while Carlos and Tyrell remain in the city to search for Dr. Nathaniel Bard, an Umbrella scientist who might know how to make a vaccine for the T-virus and save the city. As Jill, Nicholai, and Mikhail depart in the train, Mikhail expresses his suspicions towards Nicholai on how their platoon was ambushed by zombies. Nemesis suddenly attacks the train and kills the civilians; Nicholai locks the other two out, forcing them to defend themselves. Nemesis grabs Mikhail, who sacrifices himself by detonating an explosive, causing the train to derail. Jill escapes as seemingly the only survivor of the crash.\r\n\r\nCarlos and Tyrell travel to the city\'s police department, where they plan to find Bard in the S.T.A.R.S. office. The two witness R.P.D. Lieutenant Marvin Branagh being bitten by a zombified Brad, who is killed by Carlos shortly afterwards. The two enter the S.T.A.R.S. office and communicate via video with Bard, who informs them that he is at a hospital. Meanwhile, as Tyrell traces Bard’s location, Jill escapes the wreckage of the derailed train only to be again pursued by Nemesis who is now heavily mutated. Jill radios Carlos and engages the monster, managing to escape it, but only after it infects her with the T-virus. Jill falls unconscious and Carlos finds her roughly half a day later, taking her to Spencer Memorial Hospital — the location of Bard. Carlos fights his way through the infested hospital only to find that Bard has been murdered. He views a video from Bard confessing that the T-virus was engineered by Umbrella, and despite Umbrella hiring him to develop the vaccine, Umbrella\'s board now wants to destroy it and eliminate all traces of the virus\' existence. Carlos retrieves the vaccine and administers it to Jill. Tyrell arrives at the hospital and they discover that the U.S. government plans to destroy Raccoon City in a missile strike to eradicate the T-Virus infestation. Carlos travels to the NEST 2 lab underneath the hospital to find more vaccines, while Tyrell tries to contact whoever he can to try and stop the missile strike.\r\n\r\nJill awakens on the day of the missile strike, October 1, and pursues Carlos to NEST 2. She encounters Nicholai, who is revealed to be a supervisor hired by an unknown contractor to sabotage Umbrella\'s efforts to hide their involvement and to observe and collect data from attacks of several bioweapons, including Nemesis. Nemesis kills Tyrell and continues to pursue Jill throughout the lab. Jill manages to synthesize a vaccine, but an encounter with Nemesis prompts Nicholai to retrieve it for himself as he leaves her to fight the monster. Jill attempts to destroy Nemesis in a vat of solution designed to dispose of any biological waste, only for the G-virus strain in Nemesis to activate, further mutating it into a giant mass of flesh with tentacles. Jill then uses a prototype railgun to finally eliminate Nemesis for good. At the hospital\'s helipad, Nicholai disarms Jill and destroys the vaccine, acknowledging that he doesn\'t care for the city\'s fate as long as he gets paid for sabotaging Umbrella. Carlos intervenes and restrains Nicholai for Jill to shoot.[c] When interrogated on who he works for, he offers to reveal the information and pay any price in exchange for his life. Disgusted by his greed, Jill retrieves the destroyed vaccine case and escapes the city with Carlos via helicopter, leaving Nicholai for dead. The city is destroyed by the missile strike, and Jill promises to take down Umbrella. ', '2020-04-17 17:11:32', '2020-04-29 21:36:50', 1),
(3, 22, 'Resident Evil 5', 'In 2009,[4] five years after the events of Resident Evil 4, Chris Redfield, a member of the fictional Bioterrorism Security Assessment Alliance (BSAA), is dispatched to Kijuju in Africa. He and his new partner Sheva Alomar are tasked with apprehending Ricardo Irving before he can sell a bio-organic weapon (BOW) on the black market. When they arrive, they discover that the locals have been infected by the parasites Las Plagas (those infected are called \"Majini\") and the BSAA Alpha Team have been killed. Chris and Sheva are rescued by BSAA\'s Delta Team, which includes Sheva\'s mentor Josh Stone. In Stone\'s data Chris sees a photograph of Jill Valentine, his old partner, who has been presumed dead after a confrontation with Albert Wesker. Chris, Sheva and Delta Team close in on Irving, but he escapes with the aid of a hooded figure. Irving leaves documents that lead Chris and Sheva to marshy oilfields. This is where Irving\'s deal is to occur, but they discover that the documents are a diversion. When Chris and Sheva try to regroup with Delta Team, they find the team slaughtered by a BOW; Sheva cannot find Stone among the dead. Determined to learn if Valentine is still alive, Chris does not report to headquarters.[5]\r\n\r\nContinuing through the marsh, they find Stone injured but safe and track down Irving\'s boat with his help. Irving injects himself with a variant of the Las Plagas parasite and mutates into a huge octopus-like beast. Chris and Sheva defeat him, and his dying words lead them to a nearby cave to learn more. The cave is the source of a flower used to create viruses previously used by the Umbrella Corporation, as well as a new strain named Uroboros. Chris and Sheva find evidence that Tricell, the company funding the BSAA, took over a former Umbrella underground laboratory and continued Umbrella\'s research. In the facility, they discover thousands of capsules holding human test subjects. Although Chris finds that one of the capsules is Valentine\'s, it is empty. When they leave, they discover that Tricell CEO Excella Gionne has been plotting with Wesker to launch missiles with the Uroboros virus across the globe; it is eventually revealed that Wesker hopes to take a chosen few from the chaos of infection and rule them, creating a new breed of humanity. Chris and Sheva pursue Gionne but are stopped by Wesker and the hooded figure, who is revealed to be a mind-controlled Valentine. Gionne and Wesker escape to a Tricell oil tanker; Chris and Sheva fight Valentine, subduing her and removing the mind-control device before she orders Chris to follow Wesker.[5]\r\n\r\nChris and Sheva board the tanker and encounter Gionne, who escapes after dropping a case of syringes; Sheva keeps several. When Chris and Sheva reach the main deck, Wesker announces over the ship\'s intercom that he has betrayed Gionne and infected her with Uroboros. She mutates into a giant monster, which Chris and Sheva defeat. Valentine radios in, telling Chris and Sheva that Wesker must take precise, regular doses of a virus to maintain his strength and speed; a larger or smaller dose would poison him. Sheva realizes that Gionne\'s syringes are doses of the drug. Chris and Sheva follow Wesker to a bomber loaded with missiles containing the Uroboros virus, injecting him with the syringes Gionne dropped. Wesker tries to escape on the bomber; Chris and Sheva disable it, making him crash-land in a volcano. Furious‚ Wesker exposes himself to Uroboros and chases Chris and Sheva through the volcano. They fight him, and the weakened Wesker falls into the lava before Chris and Sheva are rescued by a helicopter, which is piloted by Valentine and Stone. As a dying Wesker attempts to drag the helicopter into the volcano, Chris and Sheva fire rocket-propelled grenades at Wesker, killing him.[6] In the game\'s final cutscee, Chris wonders if the world is worth fighting for. Looking at Sheva and Valentine, he decides to live in a world without fear.[5] ', '2020-04-17 17:12:02', '2020-04-17 17:12:02', 1),
(4, 12, 'Resident Evil Remake', 'On July 24, 1998, a series of bizarre murders occur on the outskirts of the Midwestern town of Raccoon City. The Raccoon City Police Department\'s Special Tactics And Rescue Service (STARS) are assigned to investigate. After contact with Bravo Team is lost, Alpha Team is sent to investigate their disappearance. Alpha Team locates Bravo Team\'s crashed helicopter and land at the site, where they are attacked by a pack of monstrous dogs, killing one of the team. After Alpha Team\'s helicopter pilot, Brad Vickers, panics and takes off alone, the remaining members (Chris Redfield, Jill Valentine, Albert Wesker and Barry Burton) seek refuge in an abandoned mansion, where they split up.\r\n\r\nThe player character (Chris or Jill) finds several members of Bravo Team, including Kenneth J. Sullivan being eaten by a zombie; Richard Aiken, who is either killed by a giant venomous snake or eaten by a shark; Forest Speyer, who is found dead and revived as a zombie; and Bravo Team leader Enrico Marini, who reveals that one of Alpha Team\'s members is a traitor before being killed by an unseen shooter. Bravo Team survivor Rebecca Chambers joins Chris. The player character learns that a series of illegal experiments were undertaken by a clandestine research team under the authority of a biomedical company Umbrella Corporation. The creatures roaming the mansion and its surrounding areas are the results of these experiments, which have exposed the mansion\'s personnel and animals to a highly contagious and mutagenic biological agent known as the T-virus.\r\n\r\nThe player character discovers a secret underground laboratory containing Umbrella\'s experiments. There, they find Jill or Chris in a cell and encounter Wesker programming a Tyrant, a humanoid supersoldier. Wesker reveals that he is a double agent working for Umbrella, and plans to use the Tyrant to kill the STARS members. In the ensuing confrontation, Wesker is apparently killed and the player character defeats the Tyrant. After activating the lab\'s self-destruct system, the player character reaches the heliport and contacts Brad for extraction. The ending changes depending on the player\'s actions at key points: in the best ending, the surviving team members escape by helicopter after defeating the Tyrant again; in the worst ending, the mansion remains intact and the player character is the sole survivor.', '2020-04-17 17:19:00', '2020-04-17 17:19:00', 1),
(5, 22, 'Resident Evil Zero', 'On July 23, 1998, a train owned by the pharmaceutical company Umbrella, the Ecliptic Express, comes under attack from a swarm of leeches. As the passengers and crew are attacked, a mysterious young man watches over the resulting chaos from a hillside. Two hours later, the Bravo Team of the Special Tactics And Rescue Service (S.T.A.R.S.) police force is sent to investigate a series of cannibalistic murders in the Arklay Mountains outside of Raccoon City. On the way to the scene, its helicopter has an engine failure and crash-lands in a forest. While searching the immediate area, Officer Rebecca Chambers of Bravo Team comes across the Express, now motionless, and explores it, only to find the passengers and crew transformed into zombies, unaware their transformation was a result of exposure to Umbrella\'s T-Virus contained within the leeches. As she explores the train for answers, she teams up with Billy Coen—a former Marine Force Reconnaissance officer, who was to be executed for killing 23 people until the military police van transporting him crashed within the region.\r\n\r\nThe pair soon notices the same mysterious young man, moments before the train suddenly begins moving again. Unbeknownst to the pair, two soldiers from Umbrella, on the orders of Albert Wesker and William Birkin, attempt to take control of the train and destroy it but are killed by leeches before they can complete their mission. As the train speeds out of control, Rebecca and Billy apply the brakes and avert its course towards an abandoned building. Upon exploring the area, they discover it to be a disused training facility for future executives of Umbrella, and that the former director of the facility and the corporation\'s co-founder, Dr. James Marcus, was responsible for discovering the so-called Progenitor virus in the 1960s, and decided to examine its potential as a biological weapon. He combined it with leech DNA to develop the T-Virus that causes rapid mutations in living organisms and thus transforms humans and animals into zombies and monsters.\r\n\r\nAs the pair continue to explore the facility, Wesker decides to leave Umbrella and join its rival company, and makes plans for further research on the t-Virus, while Birkin refuses his offer to join him, instead opting to complete his research on the G-virus. Later, Rebecca becomes separated from Billy. On her own, she encounters Captain Enrico Marini, who tells her that the rest of the Bravo team will meet up at an old mansion they found but allows her to stay behind to find Billy. Just after Enrico leaves, Rebecca is attacked by the Tyrant. After temporarily defeating the Tyrant, Rebecca meets up with Billy again, and together they defeat it and continue on towards a water plant.\r\n\r\nEventually, Rebecca and Billy catch up with the leech-controlling man who happens to be Marcus\' final experiment, Queen Leech. Ten years ago, Marcus was assassinated on the orders of Umbrella\'s other co-founder, Oswell E. Spencer, who sought his research. After his corpse was dumped, Queen Leech entered his body and reanimated it, gaining his memories and the ability to shapeshift, whereupon it believed itself to be Marcus and orchestrated the T-Virus outbreak in the facility and on the train as a means of revenge against Umbrella. After temporarily defeating it, Billy and Rebecca attempt to escape to the surface via a lift, tripping the facility\'s self-destruct mechanism. Pursued by Queen Leech, the pair eventually kills it and escape before the facility is destroyed. Following their escape, Rebecca notices the mansion that Marini mentioned and prepares to head for it. Before she does, she assures Billy that her police report will list him as another casualty of the incident. Thanking her for his freedom, Billy departs as Rebecca heads towards the mansion to seek out the whereabouts of her fellow Bravo Team members (seen in Resident Evil).', '2020-04-17 17:19:21', '2020-04-17 17:19:21', 1),
(6, 13, 'Resident Evil - Code: Veronica X', 'In December 1998, three months after escaping from Raccoon City (seen in Resident Evil 2) and prior to its eventual destruction (seen in Resident Evil 3: Nemesis),[7] Claire Redfield raids an Umbrella Corporation facility in Paris, in search of her brother Chris Redfield. Discovered by Umbrella\'s security forces and eventually captured, Claire is imprisoned on Rockfort Island—a prison complex owned by the corporation, situated in the Southern Ocean. Sometime after her imprisonment, Claire finds herself released by one of the prison staff, and discovers that an outbreak of the T-Virus has occurred. In the resulting chaos, she finds herself teaming up with Steve Burnside, another inmate seeking to escape.\r\n\r\nIn their efforts to explore the island and find the means to leave, the pair finds themselves confronting the island\'s commander, Alfred Ashford. Both Claire and Steve find him to be mentally unstable as a result of him switching between two personalities—his own, and that of his twin sister Alexia. Eventually, the pair manages to find a seaplane and use it to escape, only for Alfred to pursue them and switch their plane to autopilot, directing it towards another Umbrella facility in Antarctica. Upon their arrival, the pair finds that the facility had suffered an outbreak, and fight their way through the zombies and monsters within to seek a means of escape, battling with Alfred and fatally wounding him. Before he dies, Alfred frees his sister Alexia, who had been in cryogenic sleep within the facility after injecting herself with the T-Veronica virus—an experimental virus that the Ashford family had developed 15 years ago. Awakened, Alexia manages to recapture Claire and Steve as they attempt to escape.\r\n\r\nMeanwhile, Chris Redfield arrives on Rockfort Island in search of Claire, after receiving a message from her via Leon S. Kennedy. Upon learning that she had left, Chris focuses on determining where and begins searching the island. In the process of doing so, he comes across Albert Wesker, an independent agent since the Spencer mansion incident (the events of Resident Evil), who is seeking to retrieve a sample of the T-Veronica virus. After Chris learns of his sister\'s whereabouts, and Wesker discovers that Alexia is alive and carries what he needs, the two separately find their way to Antarctica. Once there, Chris frees his sister and helps her to search for Steve, only for them to find that he had been experimented with and injected with the T-Veronica virus. After mutating, Steve attempts to kill Claire but fails, regaining control of himself to turn on Alexia, who then inflicts a mortal wound on him. Before Steve dies, he confesses his love for Claire. Meanwhile, Chris and Wesker confront Alexia. In the resulting conflict, Wesker escapes and manages to retrieve Steve\'s corpse for further experimentation, while Chris manages to defeat Alexia and escape with his sister, before the Antarctic facility self-destructs.', '2020-04-17 18:13:52', '2020-05-25 14:24:13', 1),
(7, 13, 'Resident Evil 4', 'In 2004, six years after the events of Resident Evil 2, former Raccoon City police officer turned U.S. government agent Leon S. Kennedy (Paul Mercier) is sent on a mission to rescue Ashley Graham (Carolyn Lawrence), the U.S. President\'s daughter, who has been kidnapped by a mysterious cult.[10] He travels to a nameless rural village in Spain,[11] where he encounters a group of hostile villagers who pledge their lives to Los Illuminados (\"The Enlightened Ones\" in Spanish), the cult that kidnapped Ashley. The villagers were once simple farmers until becoming infected by a mind-controlling parasite known as Las Plagas (\"The Plague\" in Spanish).[12]\r\n\r\nWhile in the village, Leon is captured by its chief, Bitores Mendez, and injected with Las Plagas.[13] He finds himself held captive with Luis Sera (Rino Romano), a former Los Illuminados researcher.[14] The two work together to escape, but soon go their separate ways. Leon finds out Ashley is being held in a church and rescues her.[15] They both escape from the church after Osmund Saddler (Michael Gough), leader of Los Illuminados, reveals his plan to use the plaga they injected into Ashley to manipulate her into injecting the president of the United States with the \"sample\" (a Master Plaga) once she returns home, allowing Saddler to begin his conquest of the world.[16]\r\n\r\nAfter killing Mendez, Leon and Ashley try to take refuge in a castle but are attacked by more Illuminados under the command of Ramon Salazar (Rene Mujica), another of Saddler\'s henchmen who owns the castle,[13] and the two become separated by Salazar\'s traps. Meanwhile, Luis searches for pills that will slow Leon and Ashley\'s infection, as well as a sample of Las Plagas. He brings the two items to Leon but is killed by Saddler, who takes the sample, while the pills to suppress the infection remain in Leon\'s hands.[17] While in the castle, Leon briefly encounters Ada Wong (Sally Cahill), a woman from his past who supports him during his mission. He battles his way through the castle before killing Salazar.[18]\r\n\r\nAfterward, Leon travels to a nearby island research facility, where he continues the search for Ashley. He discovers that one of his former training comrades, Jack Krauser (Jim Ward), who was believed to have been killed in a helicopter crash two years prior, is responsible for her kidnapping.[19] It is revealed that both Ada and Krauser are working with Albert Wesker (Richard Waugh), for whom both intend to secure a Plagas sample.[20] Suspicious of the mercenary\'s intentions, Saddler orders Krauser to kill Leon, believing that no matter which one dies, he will benefit.[21] After Krauser\'s fatal defeat, Leon rescues Ashley, and they remove the Plagas from their bodies using a specialized radiotherapeutic device. Leon confronts Saddler, and with Ada\'s help, manages to kill him. However, Ada takes the sample from Leon at gunpoint before escaping in a helicopter,[22] leaving Leon and Ashley to escape via her jet-ski as the island explodes.[23] ', '2020-04-21 15:47:28', '2020-04-21 15:58:23', 1),
(8, 14, 'Resident Evil 6', 'On 24 December 2012, Jake Muller (Troy Baker), son of late bio-terrorist Albert Wesker, flees local authorities during a bio-terrorist attack in Edonia. He partners with Division of Security Operations (DSO) agent and Raccoon City survivor Sherry Birkin (Eden Riegel) and learns that she is to extract him from the country to create a vaccine for the new C-virus. However, they are hunted by Ustanak, a hulking bio-weapon. Meanwhile, a Bio-terrorism Security Assessment Alliance (BSAA) strike team led by Chris Redfield (Roger Craig Smith) and Piers Nivans (Christopher Emerson) is deployed to combat the infected local populace. However, they are attacked by the leader of Neo-Umbrella, who refers to herself as Ada Wong (Courtenay Taylor); she kills most of the BSAA members, using a device that injects them with the C-virus, turning them into monsters, except Chris and Piers. Chris goes into a self-imposed exile, afflicted with post-traumatic amnesia. Meanwhile, Sherry and Jake\'s extraction by the BSAA is sabotaged, forcing them to crash into the mountains. They are captured by &quot;Ada&quot; for six months.\r\n\r\nOn 29 June 2013, US President Adam Benford (Michael Donovan) attempts to publicly reveal the truth behind the 1998 Raccoon City incident and the government\'s dealings with Umbrella, to end further bio-terrorist activity. However, the venue in the American town of Tall Oaks is hit by another attack, infecting the President; the sole survivors, DSO agent and Raccoon City survivor Leon S. Kennedy (Matthew Mercer) and United States Secret Service agent Helena Harper (Laura Bailey), are forced to kill him. The pair encounter the real Ada Wong (also Taylor), and Leon learns that National Security Advisor Derek Simmons (David Lodge) is affiliated with Neo-Umbrella and was responsible for the attack. Leon and Helena pursue Simmons into Lanshiang, China, while faking their deaths. Meanwhile, Jake and Sherry escape captivity in Lanshiang.\r\n\r\nChris returns to duty in the BSAA with Piers and a new team, arriving in a besieged Lanshiang. Chris recovers from his amnesia and seeks revenge against Ada, resulting in casualties for his squad. Chris and Piers confront Ada, until Leon intervenes. After being informed by Leon, Chris and Piers pursue &quot;Ada&quot; to an aircraft carrier, destroying cruise missiles laden with the C-virus. Leon, Helena, Sherry, and Jake confront Simmons over his involvement with the outbreaks, where Sherry covertly hands Jake\'s medical data to Leon in case of their captivity. Leon and Helena corner Simmons, who has been infected by a J\'avo, where he confesses to having killed the President to maintain national security. The two see off a mutated Simmons while Sherry and Jake are captured again. Attempting to leave the city, Leon and Helena are warned by Chris that a missile has been launched, but they are too late to stop it. Leon discloses Jake\'s real identity to Chris and has him rescue Jake and Sherry in a remote oil platform. With Ada\'s assistance, Leon and Helena kill Simmons.\r\n\r\nOn the oil platform, Chris and Piers head underground, freeing Jake and Sherry from captivity before preventing a large-scale attack by a gigantic bioweapon, Haos. Heavily wounded, and in a desperate attempt to save Chris, Piers injects himself with the C-virus to help turn the tide of the battle. He defeats Haos before evacuating. Aware that the mutation will worsen, Piers sacrifices himself by pushing Chris to an escape pod, using his abilities to destroy the base. Meanwhile, Jake and Sherry escape the facility and kill Ustanak as they ride a rocket-powered lift to the surface.\r\n\r\nThe imposter Ada was a scientist named Carla Radames, who was forced to transform into Ada by Simmons. The real Ada was aiding Leon and Sherry while destroying the Neo-Umbrella lab in Langshiang. Although presumed dead after being shot by one of Simmons\' soldiers, Carla attempts a final attack against Ada, after having injected herself with a powerful dose of the C-virus, but is killed. After aiding Leon and Helena in their battle with Simmons, Ada destroys the lab where her clone was developed, and accepts a new assignment. Leon and Helena are cleared for duty; Chris remains with the BSAA in command of a new squad, overcoming his guilt; Sherry continues her duty as a DSO agent; and Jake starts a new life fighting B.O.W.s in an underdeveloped country with his identity covered up by the BSAA. ', '2020-04-28 22:48:52', '2020-05-01 13:46:34', 1),
(9, 19, 'Resident Evil 7', 'In June 2017, Ethan Winters is drawn to a derelict plantation in Dulvey, Louisiana, by a message from his wife, Mia, who has been presumed dead since going missing in 2014. He finds Mia imprisoned in the basement of a seemingly abandoned house, but she becomes violent and attacks him, forcing him to kill her. After receiving a call from a woman named Zoe offering assistance, Ethan is attacked by a revived Mia, who cuts his hand off. Jack, the patriarch of the Baker family, captures Ethan. After Zoe reattaches his hand, Ethan is held captive by Jack, his wife Marguerite, their son Lucas, and an elderly catatonic woman in a wheelchair. Ethan escapes but is pursued around the house by Jack, who has powerful regenerative abilities. In the basement, Ethan discovers reanimated monsters known as Molded. Zoe reveals that she is Jack\'s daughter, and that the family and Mia are infected, but can be cured with a special serum. Ethan makes his way to an old house to retrieve the serum ingredients, kills Marguerite, and has visions of a young girl. Lucas captures Zoe and Mia and forces Ethan to navigate a booby-trapped barn to find them. Ethan chases away Lucas and frees Zoe and Mia. Zoe develops two serum doses, but they are attacked by Jack, now heavily mutated; Ethan kills him using one of the serums.[4]\r\n\r\nEthan must choose to cure either Mia or Zoe. Choosing Zoe leaves Mia heartbroken, despite Ethan\'s promise to send help. As he and Zoe flee on a boat, Zoe reveals that the Bakers were infected after Mia arrived with a young girl named Eveline when the wreck of a tanker ship washed ashore. Eveline stops their escape by calcifying Zoe, killing her, and Ethan is knocked from the boat by a creature. If Ethan chooses Mia, Zoe gives a bitter farewell to him and Mia. As he and Mia flee on a boat, they come across the crashed tanker, where they are attacked by the creature and knocked from the boat. Mia awakens after she was knocked off the boat and searches the wrecked ship for Ethan while experiencing visions of Eveline, who refers to Mia as her mother. Eventually, Mia\'s memory is restored, revealing that she was a covert operative for a corporation that developed Eveline as a bioweapon, codenamed E-001. Mia and agent Alan Droney were to escort Eveline as she was transported aboard the tanker; Eveline escaped containment, killed Alan, and sank the ship. She infected Mia in an effort to force her to be her mother. Mia finds Ethan and gives him a vial of Eveline\'s genetic material.[4]\r\n\r\nIf Ethan cured Mia, she resists Eveline\'s control long enough to seal Ethan out of the ship; if he cured Zoe, Mia succumbs to Eveline\'s control and attacks Ethan, forcing him to kill her. Ethan discovers a hidden laboratory inside an abandoned salt mine. He learns that Eveline is a bio-organic weapon capable of infecting people with a psychotropic mold that gives her control over her victims\' minds, resulting in insanity, mutation, and superhuman regenerative abilities. Eveline grew up obsessed with having a family, driving her to infect Mia and the Bakers and lure Ethan. Lucas was immunized against Eveline\'s control by her creators, The Connections, in exchange for providing observations on her. Using the lab equipment and Eveline\'s genetic material, Ethan synthesizes a toxin to kill her, and proceeds through tunnels that lead back to the Baker house. He overcomes Eveline\'s hallucinations, and injects Eveline with the toxin. She reverts to her other form, the elderly woman in a wheelchair; Eveline has been rapidly aging since escaping. Eveline mutates into a large monster and, aided by the arrival of a military squad led by Chris Redfield, Ethan kills her. The squad extracts Ethan (and Mia if she was cured) by a helicopter branded with the Umbrella Corporation logo.[4] ', '2020-04-29 17:41:15', '2020-04-29 17:41:15', 1);

-- --------------------------------------------------------

--
-- Table structure for table `shop_article`
--

CREATE TABLE `shop_article` (
  `id` int(11) NOT NULL,
  `name` varchar(255) NOT NULL,
  `categorieID` int(11) NOT NULL,
  `permission_lvl` int(11) NOT NULL DEFAULT 10,
  `unit_price` double NOT NULL,
  `quantity_left` int(11) NOT NULL,
  `description` text DEFAULT NULL,
  `availability` tinyint(4) NOT NULL DEFAULT 1
) ENGINE=InnoDB DEFAULT CHARSET=latin1;

--
-- Dumping data for table `shop_article`
--

INSERT INTO `shop_article` (`id`, `name`, `categorieID`, `permission_lvl`, `unit_price`, `quantity_left`, `description`, `availability`) VALUES
(1, 'Processeur AMD Ryzen 9 3950X', 1, 10, 679.99, 174, 'Suspendisse potenti. Fusce sodales mattis risus, eu viverra nibh convallis ac. Praesent nec odio non nulla fringilla aliquam. Phasellus congue lacus quis metus viverra, a efficitur urna sodales. Etiam quis ligula a nisl semper malesuada. Suspendisse potenti. Nunc quis rhoncus ante, quis interdum dolor. Cras id nisi ac urna vehicula commodo sed eu orci. Ut sed est vel dolor posuere vulputate. In hac habitasse platea dictumst. Nam efficitur tortor non erat luctus vestibulum. Maecenas eget rhoncus elit. Suspendisse at metus sit amet risus tincidunt semper id eget eros. Fusce iaculis quis diam id aliquam. Nullam euismod elit in tristique cursus. ', 1),
(3, 'Processeur AMD Ryzen 9 3900X', 1, 10, 384.82, 98, NULL, 1),
(4, 'Processeur AMD Ryzen Threadripper 2970WX', 1, 10, 899.97, 29, 'Sed ac molestie urna, vel sagittis turpis. Proin ut finibus erat, facilisis lobortis augue. Praesent fermentum odio ipsum, et imperdiet quam finibus in. Duis ut vehicula enim, in egestas erat. In eu facilisis tellus, at eleifend felis. In posuere, felis id condimentum tincidunt, dolor magna fringilla augue, porta feugiat lorem urna ut felis. Proin non sagittis elit, at maximus ex. ', 1),
(5, 'Processeur Intel Core i9-7980XE', 1, 10, 1499.8, 16, 'Vivamus eget libero ligula. Donec et efficitur erat, sed facilisis orci. Integer in finibus tellus, lobortis volutpat nisi. Nam maximus turpis mauris, nec eleifend lectus malesuada a. Vestibulum nec tellus vitae velit pellentesque mollis. Nullam quis magna imperdiet, malesuada enim finibus, gravida tellus. Proin nunc lacus, pellentesque ultricies tellus at, semper maximus ex. ', 1),
(6, 'Processeur Intel Core i9-7900XE', 1, 20, 1746, 8, 'Nam et elit eu urna gravida aliquam. In sit amet tellus quam. Aliquam molestie luctus nibh vel venenatis. Vestibulum sit amet justo nunc. Etiam lectus odio, euismod sit amet elit hendrerit, rutrum dictum velit. Morbi sed pellentesque sem. Donec maximus turpis sed viverra porttitor. Quisque orci felis, elementum sit amet mi vel, suscipit faucibus mauris. Mauris ex dui, pretium vitae orci vestibulum, scelerisque condimentum tortor. Vestibulum molestie viverra risus sit amet facilisis. Donec at elementum ipsum. Nunc posuere quam malesuada, viverra enim id, gravida nisl. Mauris non dictum sem, id mattis erat. Pellentesque dapibus ipsum ligula, vitae elementum tortor aliquet a. Quisque sagittis suscipit risus a eleifend. ', 1),
(7, 'Halo: La Chute de Reach', 2, 10, 8.2, 57, NULL, 1),
(8, 'Halo: Les Floods', 2, 10, 8.17, 61, NULL, 1),
(9, 'Halo: Opération First Strike', 2, 10, 10.78, 41, NULL, 1),
(10, 'Halo: Les Fantômes d\'Onyx', 2, 10, 9.87, 17, NULL, 1),
(11, 'Halo: Contact Harvest', 2, 10, 8.88, 88, NULL, 1),
(12, 'Halo: Le Protocole Cole', 2, 10, 11.23, 65, NULL, 1),
(13, 'Micro Chaîne Denon D-M41 DAB Bluetooth', 3, 10, 399.99, 5, NULL, 1),
(14, 'Mini chaîne Philips BTM3360/12', 3, 10, 249.99, 7, NULL, 1),
(15, 'Chaîne HiFi Yamaha MCR-B270 Bluetooth', 3, 10, 380.09, 3, NULL, 1),
(16, 'Micro Chaîne Denon CEOL N10', 3, 10, 570.09, 4, NULL, 1);

-- --------------------------------------------------------

--
-- Table structure for table `shop_categories`
--

CREATE TABLE `shop_categories` (
  `id` int(11) NOT NULL,
  `name` varchar(255) NOT NULL
) ENGINE=InnoDB DEFAULT CHARSET=latin1;

--
-- Dumping data for table `shop_categories`
--

INSERT INTO `shop_categories` (`id`, `name`) VALUES
(1, 'Informatique'),
(2, 'Litérature'),
(3, 'Hi-Fi');

-- --------------------------------------------------------

--
-- Table structure for table `shop_orders`
--

CREATE TABLE `shop_orders` (
  `id` int(11) NOT NULL,
  `userID` int(11) NOT NULL,
  `total` double NOT NULL DEFAULT 0,
  `address` text DEFAULT NULL,
  `zipcode` varchar(255) DEFAULT NULL,
  `bank_account` varchar(255) DEFAULT NULL,
  `ordered` tinyint(4) NOT NULL DEFAULT 0,
  `date_ordered` datetime DEFAULT NULL,
  `payed` tinyint(4) NOT NULL DEFAULT 0,
  `date_payed` datetime DEFAULT NULL
) ENGINE=InnoDB DEFAULT CHARSET=latin1;

--
-- Dumping data for table `shop_orders`
--

INSERT INTO `shop_orders` (`id`, `userID`, `total`, `address`, `zipcode`, `bank_account`, `ordered`, `date_ordered`, `payed`, `date_payed`) VALUES
(37, 2, 5238, 'Raccoon City', '2130', '24452', 1, '2020-05-24 20:50:51', 1, '2020-05-24 21:09:21'),
(38, 2, 1499.8, 'Raccoon City', '2130', '1234', 1, '2020-05-24 21:17:05', 1, '2020-05-24 21:17:07'),
(39, 12, 3599.88, 'Raccoon', '6667', '45120', 1, '2020-05-24 22:36:05', 1, '2020-05-24 22:36:11'),
(40, 14, 56.730000000000004, 'Raccoon', '7894', '48523585616', 1, '2020-05-25 14:36:34', 1, '2020-05-25 14:36:36'),
(42, 14, 1499.8, NULL, NULL, NULL, 0, NULL, 0, NULL);

-- --------------------------------------------------------

--
-- Table structure for table `shop_purchase`
--

CREATE TABLE `shop_purchase` (
  `id` int(11) NOT NULL,
  `orderID` int(11) DEFAULT NULL,
  `articleID` int(11) NOT NULL,
  `quantity` int(11) NOT NULL,
  `total_price` double NOT NULL
) ENGINE=InnoDB DEFAULT CHARSET=latin1;

--
-- Dumping data for table `shop_purchase`
--

INSERT INTO `shop_purchase` (`id`, `orderID`, `articleID`, `quantity`, `total_price`) VALUES
(44, 25, 6, 3, 5238),
(46, 25, 10, 1, 9.87),
(47, 26, 12, 2, 22.46),
(48, 26, 11, 1, 8.88),
(49, 26, 10, 1, 9.87),
(50, 26, 9, 3, 32.34),
(51, 27, 5, 1, 1499.8),
(52, 27, 4, 1, 899.97),
(53, 27, 12, 1, 11.23),
(54, 28, 6, 1, 1746),
(55, 28, 5, 1, 1499.8),
(56, 28, 3, 3, 1154.46),
(57, 29, 6, 1, 1746),
(58, 29, 12, 1, 11.23),
(59, 29, 10, 1, 9.87),
(87, 35, 6, 1, 1746),
(88, 35, 6, 1, 1746),
(89, 35, 6, 1, 1746),
(90, 36, 6, 3, 5238),
(91, 37, 6, 3, 5238),
(92, 38, 5, 1, 1499.8),
(93, 39, 4, 4, 3599.88),
(94, 40, 8, 2, 16.34),
(95, 40, 10, 3, 29.61),
(96, 40, 9, 1, 10.78),
(97, 41, 4, 1, 899.97),
(98, 42, 5, 1, 1499.8);

-- --------------------------------------------------------

--
-- Table structure for table `users`
--

CREATE TABLE `users` (
  `id` int(11) NOT NULL,
  `username` varchar(255) NOT NULL,
  `passwd` varchar(255) NOT NULL,
  `email` varchar(255) DEFAULT NULL,
  `active` tinyint(1) NOT NULL DEFAULT 1,
  `role_lvl` int(11) NOT NULL DEFAULT 0,
  `register_date` datetime NOT NULL,
  `last_name` varchar(255) DEFAULT NULL,
  `first_name` varchar(255) DEFAULT NULL,
  `address` varchar(255) DEFAULT NULL,
  `zipcode` varchar(10) DEFAULT NULL,
  `date_birth` date DEFAULT NULL,
  `picture` mediumblob DEFAULT NULL
) ENGINE=InnoDB DEFAULT CHARSET=latin1;

--
-- Dumping data for table `users`
--

INSERT INTO `users` (`id`, `username`, `passwd`, `email`, `active`, `role_lvl`, `register_date`, `last_name`, `first_name`, `address`, `zipcode`, `date_birth`, `picture`) VALUES
(2, 'carlos', '$2y$10$11Sv6FQPyB/WZMj4PHRva.cmmILqUaN8BW.lyuVGFjzGdeluHcf/.', 'carlos.olivera@umbrella-ubcs.com', 1, 30, '2020-04-14 18:36:33', 'Olivera', 'Carlos', 'Raccoon City', '2130', NULL, NULL);
INSERT INTO `users` (`id`, `username`, `passwd`, `email`, `active`, `role_lvl`, `register_date`, `last_name`, `first_name`, `address`, `zipcode`, `date_birth`, `picture`) VALUES
(12, 'jill', '$2y$10$zC6JVAPbVsHzaUef3VwAl.tGF/0WqMkAWEoi61yDYeXuKAIYemjmu', 'jill.valentine@rdp-stars.com', 1, 50, '2020-04-13 20:11:26', 'Valentine', 'Jill', 'Raccoon', '6667', '1975-04-02', 0x89504e470d0a1a0a0000000d49484452000000b4000000b408060000003dcd06320000000473424954080808087c0864880000005f7a5458745261772070726f66696c652074797065204150503100000899e34a4fcd4b2dca4c562828ca4fcbcc49e552000363132e134b134ba3440303030b0308303430303604924640b6395428d1000598989ba501a1b959b2992988cf05004fba15681b2dd88c0000200049444154789cec9d777c1c679dffdf53b769b55af5de6cc9966ccb967bef8e63e2344a08044292a38700813b0e7ec0d1c271dcd139e0803bc201814048427ab3e3c43d2e71af92d57b97565ba7fdfe586dbc5aaf643b714802f7bc5e5fcdecee68669e79def39dcff37dcac0ffa5ff4b7f434978a34fe02d98fedad7ccfa2b1fef2d9de437fa04dec469227085099697b38fc920b52e619b4bf9fdef32fd1fd0e75332f884386382a590b0fdc5f60917c26825ac4ff439f1b7c9f6f97799fe9e25c7a5002c26f93ef1bbc4f589f69d2c25821b5b26426c8ead9b49b69908f2bf4bc0ffde804ee64193012c321e5e91f14027fe16bfaf64c7992825f3bc89a09a09cbc4ef2039e8c98ef3379ffe1e809e0ce24413190fecc53e27dbc744c74d4c13c98a64001b09df1909dbc56f7b31effd370df7df2ad0970ab178192625f92e19d889e790782e179319899e38066fbc25fb2ede12f7f37703f7df1ad0c9404e26232602558a5bc6db44db25ca90c92a90b1942c8a112f1de2bd6e3cbcf14b23c9e7c9604f94277fb360ffad009de81927f2c4c9a094b910e09825fb2d99b79e48534f9612bd7332981341d6390fb03ef67dfc77f1df27bb192ee6b5dff260bfd5819e08e464de782258e3977292cf13811d0f75a29726613d314d54099c08e47898f509d6b524db195ce8d1279325f1e7f7964c6f55a02703f96210c783aa247c274ff05d32b0e38f917823253b47b834fd1c0f740cc264d06a9c073a7e5d4fd82e1efa89e0fe9b01fbad06f4a5801c2f0b92c11bbf54927c4e845a21b9979ea872187f6e93a564b1e66495c164de391e622dc9ba36c136895e3d99e67e4b83fd5601fa62d2221eb2640027c2ab8eadab13fc1ebf1c07734971b63bc39be6cccdce4cd9b0614d7924d027589a2657cf9c552a9921391cf6636a1686715e4c27261390241030106d2aa621ea278f1f6f125455575d59d673cfbdd8d8d53b3082a41ac74ed40f925c662483386691b865b26d12bd78fc13e12d2d45de0a4027c29ca88f13357122a0f1e0da123eab71eb89f04b805c35add43b7d5a59c6f2a54b8af560bf525e5c509095959e6184c2b2c32e3b4d2d8c19d1d0350dddd030740dd38c06140c0bcc04044401a45704880596898085280a08920492c8e86828804dd644d5ab9f3e75acce5033427bf6ec6bae6fe8e83fd3d039c885b22311e678a035209cf039d1123577329d1d4b6f6aa8dfcc405f4c5e24eae26400c780b525acc7c33dce3bbb1c36fbe66bd696d45415174c2d2b2eca4c4bcd4cb5ab1e2d1c92743d422414261c0a120ef9191c1ea5df17646034c480df20e813d1c20286a5622112d105cc844b2c62a1ca16022682154294356c4e0daf5320cda190e690f1b81454d5862c29a876055192501caae1f3ebc3c3c1d1bea6b6bed6534d43edcf6edbdfe2f787439c073b1ed870dc320679fc7a32c013f5f65b4e86bc59818e3faf8922168920c7436ce33cc489eb6ac2b6ca92c5b5392b96ce2d2acac9c8ad9e5654996ab77b4c2d2c85834102fe5106467cf40f04e81d8cd03e10a6b14b63b85fc2e7370904201c36d1341d5d37314d13eb328a5a104092046459425104ec760b87ddc4951aa2345ba4305d253dc522cd23939162c761b761b3ab18926858a2c33f18113bf61f3a756affa1baf60387cf7671a1e48807393cc17a22dc893a3b593c1bde8450bfd9809e485ec4ebe4785911d3c3f1e0c69b9d096076b91c8e9b6edc38f5da6b36cccd4977e4db2ccd1d0986080546191e1ea6b9778886b6301d5dd0d0156178c022101008854c2291089a16c1304c4cd3c2b262d233962ccedf7789499f38f342f47e15451149929165195515b0db0d5ca906a559123959614a732d4ad2edb81d76144541764868d87d4311a563eb8ebd2f3ffadce1fa60500b3231d421ce031d6fb16d132b92f1fafa4d2d43de4c404fe69593c98b6420dbe32c116e1550dffb9e1b2b962e983965566549954b254df70744dfe8105dbdfdb4768638dae4a7a959a2a7cf62745423180c130eebe8ba866599589635760a02e79ff2b1c85d5c568430298e014443c3b240100490147cc12c2c6ba2ea225cc8868020c888a2842c8ba8aa84c321e349d529ca0b30b350a020cb20c7e3c4aeaa4836c50c4bb6a1e63ee3d4c1e3cde71e7aecc53ac6431d6fa1384b06f6c564c89bce5bbf59804e0c77c5604ee69513418e07d811b7fe8a7776386cce8fdc714bf5fc9ad269d515e5557ad027077dc3f40ff471b2798013674d8e354418ea17181d35080683e87a04d314c6e08bf507d2801124b1136faa8fea6c8534678817cf4e673890cd79efab60b37572fbba97299f5a4dc4949089d05cd7c82f9e5d8461b918cfc24429d1cb47cf43104014156459c56e177079424ccb878ad2516615a8a4a538516d2ab233453fd7d975ea6c3b677efbc09693e1b016e0422f1d02828c073c19d889de3a99b67ec3a17e33001d0f73bc678e073999b488f7c60e2ef4cef6fcdcecd4f7befbfaeacd1b572d4a7318b9e191610687fa696aede5409d9f232705baba4c4646c2048321342d32261f889e821c20dd3e8857e92635bd978ac2548a7332c9cd4f232d2b8df48265f83bf6f3e5ef1ca669602ef140dbe5163eff0f232c7ffb77d14c1ba21564e77d5fe19efb52b1f03239d0d65856c320f491aa86099b0a61cd05a4739e2910040941905014058743222d4da3aa7c94b9253ac5d9363c0e3ba2cb4650caecda7da4f9a5479e7ae964574fff08e3818e5990e45e3b518a24421d2f41de50a8dfc8112bc9f47262a52fd12b277ae318c8f14b9b24498e2f7fe1530b562fad99ebb1911b1ceea5bdb387c3f55d1c386671fc8cc1c08085dfef47d3f4311d1c833126076c14661ce0cecd1a4533df893b2d0bc9958be42c4074e411d5ba062e61948c8ca7681ab088bf372d047403744342b71444338061c4b6b958bb8b0d456a6575551d7366896464161208f4d2da7c967da7ed9c689b0e6401112c2b7aeee1b04e2422303aaad2d393c1fea31a538a82ccaee86776a182dbe1cb5d5d69bb7ec9accd8b8ed68fbefcc35f3eb4df30ac20135494191f8f8f3997c8d805d2c63210831ace439dac55f4af96de28a027d3cbc97472bc8c704c6036c0feee775c5df9e1db6e5e939122168406fb6969ede4c8997e9e7dd9a0b5516070304430181ad3c40a300a820524ca0081fe11196f5e3939b36f47d3342cd32030d28cd0f512fe814ebabacfd2d97a0ccd481dfbdff1ca4914c68ca88616c4f3bf4d0cb482d3d6c4c736d5b1f2fa8fe3cc5b89254643787aa887f5a71ee0b1471ee7813d7330f45ca26c45936581ae47300c8d5048c2e77371ba2195e7b27daca91ea5ba7084ec145f6e6d9efab69fddf3bed98f3cbb77db13dbeace723e8c190fb642d463c7d75fe25b4663165fcb8dd7d5026f00d46f04d013c11cef95652e8c54c4c075321e643be0d878d5aae23bde77c3d2ca82f4e95a6044ee6cec60f7f12e761cb4a8ab87a1a130a1d028a60996250311b2520fb1a96688d3bd02fbceac1b3ba558191884828574b507280bf7037644c1a0ebd0aff9c3433be8e82d623090ce607801e0e5bcce8e663106b020080808d10886109fe56440479ddfda19f5ac79e7a79073de86666884fb8e33d0f808defc6564d57e869b3d79f40dfd8a2dc732c72edb78f96259129625100e6b442261fc7e170f74a592953dcae2aa5e969459b8edfe829b5616dfbc76d9acd38fbf50bf7bdbcea32d4cdcb29aacd93f5e22c6a036c7be7bc3a0fe6b039d0873b2b872a2bc8887d7c978a0edd5d32bb36ebde5bada0dcb6a9612f2dbfb3b1b397cb69327f7689c3d15f5c8a15000d334b02c01518a509a7986a5333a58b57416c5359fe2f0f33fe748c339c25a25d1a72a80858597c6ce432c0e7722382a904411476a26a75a4be80f2e0646401822ddd5c640d8035a0ae73d750ce4f34b5114e2b29eac9c1524a99baa2a1567f672c2660421d2c9ee47bec36f9e0e306fca0b7ce04303e4ceb8850dabb7b0f76c07a3e1b2b8730690516d5d14a7b752df3515cbca42d7c38c8e4230e8a0a7bb8c3d6746d830b39fd9256139d31e9979fbc682a9f3aa7376ffe5f9b387eaeb9b7b490e74cce2bd74ecc0b13b345182c47efbab41fdd7043a3192112f316295bff84a5f3288c701fdc1dbdf577dc7fbaed9e02498e9efefa0aea98927761b1c3c027d7d110281510c438c0b934920f671e3d23a36dff24d8cb46558a2cab4b96759f0fc1fd879761ae76113003bf59dfd58810e0457159600eeaca92caa7c98602442415e90c2121be9ca103f783c878e8e45449fd2e25824e2fcfd2b8a200ac97a998e4f0e592323ab004b901090b0741f7d0383740fafe7c9975bb8faf85364e64f213fd34676ea20a3bde571fb8a5ed22515757ce4dde5ecdc7f8aa75f3a4543f74c2c2b035d37f0fb23849bdcdcdfede140493f57d576539915b1d764d9d6cefee88a9a27f74c79ee0f0f3e7f920b3d736cfd625d66132548ec62fe55a04e16f97f3dd26430c7bc72bc46761215b52e2025c15c85f9b9193ffbf1b7365db7ae66bd39d29bd2de56cfe33bdaf9ede370fc84495fdf30c1a08669ca20f632a3f8209eb47e06860bb0cc142cab8bb9730a50336663ea7e5cdea988434fb3f78480616670be0c141c5237ab1615e1c89c85651a203ba9aa4865d5d51b59b8e6bd4c5b783be9e9999cdcb79fe6bec2b1ff9351a42156ce0f5352f5362c414144a3f5d8f3bc78c43596bd64bd5d651046993fbd872935d7619802923d8b4c7b17bdcd4fd23a508d6235b17fe7765e3810a1a12f1f4d4b1dbbb422a0e2541bb8e3fa30d59bbecfb49ae5cc2fef25d7799081e11e06032960b9b12c1d4d33e91f4ae358733a237a90ac94616cc141e7d442a17ae5da0d9ea3271bba47fd61938bf72c4c9692c1fb5789a8fd35804e06736223490c66679c25829c02b8366d585dfeadafde754359a65ae5eb6d15f71f3bcbbd8f867871b74267c7087eff28ba6ea1a803d414efe73d57f5f2a15b3690269e66cf0917a6e5a57dc8a22af3306533d782e44450dc64ba748e1fdb42d76025d12767144c5508b064b64666e9722ccb44b1a7e22e588e23b51059563002dde8434769ad3fcad1e612628e4c918659393f4ce98c6bb004350af4f1adbc70380674fc2589998561bab1739af9335cd832e763991aa9790ba9291e4218decac3fbe670ba7d066dfda5689a3bee5ca3b674fa1edef19e3b90d26a414a21ad7423d367d5b2b062986c751703c35d0cfab3b02c3ba61922121668ebcee274b78ad33940b62d28dac35df98b179416872cf740536b4f800b819ea89becc5bcf0eb0ef5eb0df44430c7808ef7cc3190635e799c779665d97de7476ea9bdfba337bddd6505323bdbeb79f8c50efef098cad93a8de1e1e16824c21211a4613ebe710fb77d603d73affa12b6c28d78d4014e1cdb41cf7039585e42a1232cad4947cd988d651ad8dc39d886b7b2fdb80456ac9227a35921664f6d60ca8c6b3005055194186c7896faddffcdbe1d3f65c7734fb3655b3347da73181cc926d64aafca83ac5e10a2b86a33263202115a8f6de185c32963d94c0ce1c59eca2a8d7d1e52c24f32bd3c1725ad0acbb2482d5ac5cc7230fa9ee1747b09a6251185f97c98d1613bc347df6ea764d127302d01cb32d002ddc82925a495ac6546cd02e69575926ddf4bf790c1883f13cb32d1750d9f2f85932dd90c6a7e8ad3464825e4a9a9f25679b2730227cf760d99a6952831e29b3b13419d0cecd715ead713e86415c044986395bf78997181575614c5fdcbfffcdadbaedfb0607d64a043395577865f3d1a66db4e85aeae1182c100d11e9b6387b46c78325ad9b0e96648adc1d423385373b0fa9e61f77137904dc7a04465c68b94cfd800828268cb20cdd1c7a9e32fd13d5849ac72679802d3f29ba859b8094b7421c976fa4fff82fffc9f033cbc673147cf4da1a17b3a8323259c978c328a32c0eaf9118aabaec144461422341fdbcab643eeb16cc6dfdfb173b74597a687632d36eca38f5059aca27867621a1af6ec8554647773f4d44e7a06a7c4fd5f741f6b6bf673c37b6e474a9b03968e6069d43dfd8f0c343d8337230b257d36de8a77902fed64ffe173740d4d7f259f9665a069d0d19b4b5daf83dccc1e32849032b5c056356bf614d7ee97db5acd685fd8640382e3d3640d2cb1ef5e37a85f2fa0278a662446326215bf44bdec1e5bba562c5f5cfc9bfffeee7b4ad3a5e923bdcd6c7db9855f3e2473eaa4c1e0e010baae635989d7d741ffa0c9acdc9728a8bc0ac33091ec39a4ab2d1c3db9177f4861ded4e3cc9eea267bea5a44c58d85813bad04a3ef71f69f7263986ea2856da7d0d3cefc8533109d45200828663fbbf736d2d6bb702cb7fd789cedc8b6105a24051051e521d62c0a513c3d0a349641df99bfe00b1f242fbf89c2bcb314179cc19b3e40ef6016982aaaa38f92f453cca83844d34005074e17a2753dc4b4720f8ef46a2ccbc4e92dc5ecddc29e63696397ce026ca438cef1e177d9285df8690c5d4796edf81a1fe067bfd9cb1fb639186d7e0c0f87f1aac33cb5650f8fec9c4df406e2956b6759268661e0f37b38d29e8de8f451e21a21c51a2db8e11dd74ded1ed4bada3a7a42241f6a167bc4c4570093c1fdba42fd7a037da930c76be657605ebcb0a6e83b5fffe4bb538cc19cbeee06feb4b58b071e73d1d6328acfe74bd2f276fea918d63cd839c4fcda29c8a9156045b0a795933afc20cbe705b9e5bdb750baf46e145721a0235826922d9d2cdb20fb8feca57f782a31581cf6732c9fefc195b3182c1d4952e93a713f92d4cab2aa16562f6ce1a63543386c0d9c68a8046cd89401562f8c5052b51913094110f1e69573d5aa456c5cbd9c0dab56b269652dcaf0b36c3f5182db1ee4ceebb7f0e1dbaf61e1149dbdc71a181e59c6e97693f9538e53527d3516229264c7d7bc8b67f70b589687183f1b6a7772c3cd1f47f454472fbe31c2c9adffc17ddbed8cfa3670aca98083c7db88743ec4962379f40fc5d715c65f3bd334d0c32ae7daf21830034ccd1e461a6a4cad9d955fdeda1b6cedeaf38718ef41e2618ea54b81fa8aa7d703e8789863cfc3c92a804965c6dd9fba73de673eb4f93abbe14f6f6eabe7578f05786e9b83eeee4142a1d058282ebe9536f15a3ae818f6b3a8e40cd9959bb02c10651785158ba85c700bce820d08c630a3f50f619822b6d43c0444eca95958fd8fb3fba4172c272013143b5937cf24b3741396a9839c427e7a90f5eb67b37ce34dcc5d713b65b5efc5df7a90e70f28800755e963ed629d29b36f02c98124ab38d32b51bc35c8693351bc35a8ee328eedff2d3b8f96a2eb2a6b6afb58bcf91b2819f351061ea5b5ad9b2939adac5b3b97f4e2955169a475b17fe703ec3a5a42ac0a929a7a92bbdeed257fdec721d6b34f10b1a936aad3cf11d25ea277c8cbe0c82c0e9c2ba77f3887f18e32d1c0340d0cc3a2b3279fc66185d2bc7edce14167ed0cf7d482aa75e183874ef473a1978e4f130d0a88f7e257dc4b5f69a0e33378b1d05ca2677e05e67bbef6c5a5efbb7ed175f87b1d271beaf9e983b07f9fc4c0c0109a26615926308894da88e26841507b100515cbb0c71dde241ccec4a9ee63616d3582ab0c2c0dd995871e093154ff3bf63ff523ee7ff049725cdde44fdb886918488e1cd2e5160e1e3bc2c0f054c0206218ac9c314a61d57a2cd181a4b8f096aec7953d179b3d1dc10c13193949a07b1b4f1f933042f9d8ed832ca93c85a23530d0ba8de1f6e7196a7d96a19667c6ec69465b9fa6b5a581bd67a76046f219f0b532b7f00cdecaf7523e6d2e0ba775b07ad54c0a6a6e07290559b1136cfc23bf7af808ed3d3563793579dbbcbd5c73d38790dc33b0ac6853b82c1aa416aea0a47a39cb663828f7be80ae35d1d25708a64af24ae978b32c0bc330181acee154af9bc2fc5ef29588233f23585535ffead0aebd87bb19efa961628f3c91b6bea2505fc986956430c73767c7808e6f2019073290f2ad7bbebcecfab5d51bfddde784a3754dfcf461278da735464646300c912cef7116549f6149751ed9f969d8ec2e3074eacebcc04f1f9dcfc05039881a608199c2f623c55c7bf4f754ac5980264988924cffd95ff1eb7b1fe2b123abd1c38bc8f43ec9ac257b91325782a59337e33d5cb3701b3f691b4237d2b0225974743522465a112c057db481a18116faba1b696e3b465b67808e0e1bed4336343d17041d5f2497ef3d5e89fce859ac09ca4c1040631e86e60121c2f186a5fceafec7f9b0f24572e7dcc9b475df0441c5304d88f4136afc038f3cf44b0ed75d0d820496427ada51ae595f8e337f039a1e41565df49cfa2d6d471fa06ac93f9052b289b49a7f64635639ddbdffc4cee306962044ff7fc234c69c296359229a38406f6706bfd8b2880fac3ac8ac489750e989bcedf377df26fddbf77fbd6bf29d4cdac534be43d3159121570ae8c9608ef7cef1ad7fae044bf9c657bfb064f3aaa957057ace09fb4e34f25f7ff6d0541f22100a621a160babb7f2c11beccc58fc25948c5a044701a2ec40b17c74f46cc217b2450f2d8c390dc1a0a3af9a6d3b9f66cafc9348ee1ab04cb2a75e85cbbb153d9c0bb878ea583e9b8e3f44e5fad5e89a8ee49ec6fa0d1b7966ff414e372d07dc9c6ed739fac45738de3a4a7dfb108dddd98c0e64d1355a41249401a4127df84400032be2a1af7d11e39bb9a34f8e0b1d5a04441d70f0d8becd340feee2da251f64fab4329c9e0c4c3d4c5f7b074fec6a61eb81f584433920696018acaa3dcb8cc55fc7121d88b28e68f472eaa5bff0c3fb3399b1f3c7bc73fdc3d42c7d37bd8d3b79e240059699065284491da3a9802581d0cfb29947d01d06fb0eaec4d79bc2bdcf2ee4a6957b592c7409a5ceed577deeeedbcc7ffffeaff7c465e6526cdcd1b882505fe9a6efc47873bc679e2c3ce7fad6bf7e65d90dab2b378e763708bb8e35f2b33fa5d3d61424100960e9222be66ce39f3f5843fea22f6129d958da1046df0e346d04491568ebd4d122192059d1766600d1022d8d670fe7b2e9f8ef2959518b6198a819f3b87ee36cb61d39427bd712067ae7f0dc8e27a998771035672d42b88bf4148579d3ce71ba7521082a8f1f5acc930703e8a31eb03cbc1262c3003988621fc263f3e3b0fb51550dd51641124d644547968c6837344342d3640c53241256894414822117c311075ad8099a04661a47cf5ccbd1b33d38bccd789da7314c91fe913c747f2d080a2861d0ec6464bdcc3bd6cf46cd598161e8c88ac2e09907f9f3f6109d83d7d0b9cfcfde3367b86edff7101483c6ee4d63ed7e138c98b104d06d200f51557c981b57faa92d0cf28d3f1761190e0c35c2e88893fb5e588eb1f24596e60d89d5697b367df133b789dffcdeaf7726ee2dcee2070324fe76459bc5af04d08995c064de395993f62bf6cdafffcb92cd2bcbae0af49e13761f6fe1177fcea0ad254040f363e9764a0ab773d7cd99142cfe3aba9882317090132ffc1b2fec3f47fba04465ce28e7baf3407482608e79e8580e755abae6f0c2eee7f840ed49c494591840c9cc77b166eee7f9dd53b3c172b3ed4831ef38791f99fe731cd8f9088feeece370c3d5202a608998c3f9d111dc7210d9354c7a5a0fa59e2e4a3c23a43847f1da46f1dac02e8322454d124116a2fc5880698e4d6d6042c400cd80900e8361180ca7e00fa6d034e4a169388781c15c8243b50407c6426b42240a3211b06450425cbff034d5733e0b4a2a0241042382afb789126f90e369c7080d55303a3c97dfbf3015c11600cb0e522cb211972c097419043f6545fbd9bca88b8d1bd6505af36eb63c760f75add9205ad13c4811c201950776ae4158f922cba56ea1d8f6dc559fffec878d7ffbee2ff6901ce264f3f6c5431deba1f79ae17ead827ca24a60cc33c7831cef91dd63e6fae77ffad482dbdfb9e8067f57bdb0f764233ffe63366dcd0102e1514c5d429646f8e40d5bb8f5ceffc274cfc6f4d7f1e21f3fc6b7ef4ba3a77f41b4309410826261994af46c4c094c39ea71241d74998af22dfcf87333c959f4750c5d431245ce6efd349ff8be8fdecec5a08ef08e15cf1109c0b3c76a08fbcaa2d91075b08f509cd1456e763733b39a294919c56307870c8a0354471eb2331dd9e546766521dad290542fb22d0d4b90c6c7132c03233c841e19c40c8fa007fbd07c43688141f460075a08421a0c85a1c5e7e2586f295d3d39b4f4e740d803585128458df995fbb976d1202b566e266deabb109cc568e11142edcf706aefeff9d3b63ef6d7cd63c45f34864de2005d0174158410a53947d838bf914d6be65334e70ee4f4b9e88387f9febfdecdefb65c1d9d4c4488e6441040b46cd85c1aef5ff53c0bd2bb11b3f3ad837d8bfef2935fdcb71ff003be311b8db300e747c5c48f598c871c5e03d4574a7224b604264a8df8de7231cfec5cba785ee1f56ba6ac0ef5360a87eb5af8d98399b4b6860868412c410254f2321a59b67036a2a70ac13218687c82df3e2bd233b01a1ca1e845b6ecd12b2059888285641b24c5dec4f4ac2e0682c59c69984763c75c5ed8b585f7cc6a04d7742449a4ba660dd7cffd2efffdec6c101c3cb8f32a08a74435a463948cec261616d4312dab9d92d4306976901c2a727a358eccd9a4644fc796568ceaca4156bd488a0b51b64707d25a63e59338864320fa4710110411d30861447c18911122fe4e42c32df87bcf92d57d88b2c17a96179e60287482669f4a5d6f01fbda2ae8ed2d84b09b03473770e85c3b8bf63fcd3b566c61ded2abc8a8b819fbb45b595c7215b317ff8583db7fcab71ff1d1d25a1395630096085ab4ff7e76ce3eae99d3c6b5eb675032e77b48190bb14c0b0491fea6c7d9dfe006c10572e895c2b60053d00907edfc7ec71a94d5cf305768142a95bed5f3e694771e3cdcd04af28927279a2c32960c5e637a2d404f2435e2874dc5f7678e9719ced5ab57177ffbcbfff04e7ba8c37bbab5951f3f9a4e739341500f44a3020260096465f7513c7513880e2433405f4f031d7d65a05a63bd0984f36762d870bb5bf9f4b55b98377729d99965dcfbc02ece3457a36bb93c75c0c3fab3f79337e303741efb2ddbf76ee5484709a842f491aba7e1f0765359d4c0f2d293547afcb8ed604fcdc7913f83948265a4e42ec0e6ce46941c88a21a1d0265ea60195898989aff922fe098bf43565290550ff6d4323cf9cb30a74530f520e1d11e46bbf693d6be8b9c8e13d4e434b2716a2367879dec6ca9e66c4b3981a122761f2d605f4333cb773fc9354b1e63d18ab7e39df67ebc55b721efff33be115774ca2661cc2313212ff308eb6a4f72c39ae994cfbb077bfedae870343d088284680c517fe63867bba782ac8f977163e76eca11020117bfdab90ed7baa798aaf77b3f76ddac77ddebcafbf3ae5dbb9a987c6ae0d7457abc5aa0133b1dc51a50e2fba64afcb4000020004944415469c48f3489ef45e75414c9f5edaf7efc4647b825aba3b795ff7ac24df359918039826989e7bbbd0816e9a906367756f410a24a7656315eef6e7a7c52f431688dbfd0be9013d19e45f5da6f03129e67de16951da2c991cec5ec7cf149a4dddbf9e34e37c75b5743301f240d475a37ab2a0eb3b8f00c252920bb549c85eb48afd8883b7b0eaabb78cca346c032b12c03530f5c7851120afed29219dda7a1454b511090241bceb41252322aa0fa66c2be167c3d8719a87b96f4b69dcccb3a40f3b403ec6d9fc6f6fad904fa4a79e1f014f69c6b66e1de47b979fd0bd454a6f3e71d30383a2d0a740452d34f72cd9c535cb73a8f690bbe869abb36da8072ec3e4c3d4076f57b1124070c1d62efb11eacd002b0c5581b9f2cc05422847de9fccf9e0dfcd39aa7c9ecdc91f5c1eb6fbe71ef5ee9178661244ed01e3fe558b2f9f4622cbdeacae26b951cf19e395e6a2486e95e81dae572a5fed78fbebec9a9b7e50e0db470ef1685e3476cf8f4fee83c70f1d74d92096a22961e409624b04c32cbd771ddc207f98f8e21b0521274a1858983919089111941529dc8b2109d1911138c34bef1ec6a0cbf1382b920c878b25b58527194b52527c9768023b398b4a9eb49af783b0e6f19a2e8c032354c4303cb4214381f167cdd930566181070784a707aa79255710dc1a11606ce3e88b3fe394a53cf70d594333cdf3c8d9d676a19ea2b67c7d162f63534b070ca21f6b52d02d522cfdbcaf26907b871750ed58bfe1fcec24d98522aa6eea771f71739f4cc1f5876f3d7516c6e044c7adb76b3af2e1d242788a1c9ce10530931dc9bc7aff72fe393cb9ec13a7b7fee57efbeee6dfff693e79ef20783f120274e3a9938723cb6cb57ada15f4d4b61624530b1f164b2666dd7a73e7edb9c6b5794ac0b0eb572ff8e204f3e9fc1406008c3604c6a88e7cd527139bad83057c253b80acb8820bb4a28f20cd2dcf40c8ded33a35108712c54a73b70d85bb9657d90f2da0f201a7e0eecfd33bb4e5682a0826461053340f322b846585db39d3b166c61657e2fdedc3c7217de49c9f22f9031e53a548717c1b2c0d2894da6288ae21b640202b17311b13933f196ac216dca7a6cde02e4700bd5ce73d4161f4777f869f665a1070a69e99f86a1b910ddfd7c66ed037cf4d61b295df74b1ce9d504bb9ea7fde5efe1f614e3ccac45b5f9c9afba11d5918ec2282f6dfb110f6c9f82667aa3d737be5c120d014b32191ccc6558d0995fd086d3eacaf7142d1c387cbcb197e4918ec4f56471eacbf61aaf16e8899ab6278d356fdebca9fcb31fbefaedc670abb2e5d810bf7d228fdee12134d3882a0751186f4884233235f9fba89c750da668074c52f31632c37390aede9d340e1680960a960d0870d5ece779cfdb6fc691bf9a50f7769e7e7a07479b6ba2b79ba5000253cb8ff3b1a54f7355693359d979642ff810a5abef21a3740d92e2c232c280892044fb45bcb90cc0c43275645b1a9efc05a4576e4674a6600bb732cb73961945a7e930140646b240024b73d238984e41ca114ab2e0c4deffe1a7fff320f73e324c4af80966d6ac2267d61d488a134110317cc778e8e147d87b761128637595c4b24934012cd1a2bdb7043575902a573b7939f652bf52d9d2d8d4ea637c086f2283d718b6bb5ca0e32b82f1de3959dfe67130171717667cfb5f3e7a438ad19d59d7d6c18f1fc9a3ad3d48488fbca21b2f30d12212c9c0348eb372063872578319c61254d24b37b064ca1045b647b14bcd6479ce71ed8297f9f0cd1bc99ef30924d941d791eff3f3272cfa472ac052905cc3bc7bd173dc3e731fc5e906e935efa76ced3d644cd98c28a9606a08986f02682fd130c1d291642769452b482b5f8b2998a4060fb138af0e675a1fa7faf3b0c26e864773d9d72872eaf823fcf2f1345e3abd947edf2cf6d409a406ef63e6ac0508f66c64c5c1c0e97bf9d5a3bd740c559faf105e9245916a1828a2aaa89e34ad5529af9c9a75b83e543f3a3a1a61f2c8c7440d3097e5a55f0dd0c9a446fcc0d6a4def9e73ff9f6c6291981ea81fe56fef3c9548e9d94f1ebfe68afb9891e6552548234f46751a43cc68c69d5082953b08c10882aaebc95ccae5dcdf25a0f1b97e7b3f2aa0fe29d760b82e2c1ec7e8e871ebc97870fae07d3c1d4d253dcbdf25156e477e12e9a49f1faef935f731bb2eac13482bc46c7f006270bcbd450ec19a497adc795bf00d35f4f857a92594567680fbae9f765110c6752d73193d148de5847458348d04375592b2b576dc69433104d1fc776fc8c9fbf508e6979c76258939451a2c960465269f0a5b3a4ec346aa8dd53bbfa3dea96170e3430b9774e04fa5515c8e5001def9d271a799214e68f7ef443b36e5855b45e1b69161f78c9e2e99d990c8547304ceb228f3101640b4b4fe778bb4485721f532b6b90522aa29a121d41cdc499b51057de4a64f7142459451c7c91ed8f7d9e6f3db28440b88875f39fe313f3b65190aa91b5e01394affd775cde6958461801f30dd3c68a2ce1b02b98566c9a83d7b63f612c5ae2f44e21b3f27a0c49c235b49385f967f1db4234f496802883aa8dc5106c64794ef34fb716913ffd5d20da107c2ff3e747fec29ed38ba2a57a31a991b4cc0cfca339f82593c5b90d48564f4e4ac1fadee3274ef573a1974ef6de97c426f24bf6d2970bf444de39be4b68fce813d7ac593372eff9fc07de2e8e9e4b39d4d0cbcf9e28a667d0876e8cc5d02ff6184300c9c01f2ce460834e7af037946584b1a79622d9bc51804511d1d21083e7183efd0b1e7ae0fb7cf3e1050c07cbf9e09a07b8a9e238a9d965946ef821053577208a0a589137b0922762536542118353cd4378dd7614253a08e0ca54207524d94e7ac96a1cd9b544068e529b72828c8c2e4ef594a0694e904c300436cedecefbdef96e44ef0244d160b8e1417efc70179d83332e536ec49759544fb70e14919fdb4c81d92a164e999a77b6c3acebef1f0826c07ca9ef79b9a2404fe69de35b032ff0cefff2f9bb964dcbf6cde81fe8e047cfe470f69c44500f5d18d1b898490623816276d467d274f629a48147b006f7e2efd9cb70ebb3b41efd1d2f3ef75b7efc601bfffde2b548aa8b7f5aff3b56e4b69152be8ea957ff17a9b90b308d1024e864459670da146445425644ecaa8c2c891866ec9ebbb2dad76e9369ebf4f1d3df1ee19bbfdccbaaa5a594e77ad00deb8a1d2f2a430c9c19d3482b5f4fc0d748a97990a9f9e738d65b4cc09f0912a4b9fa99eddd4356d1426cce0c0e6efb2ebfdb564ad0cc88427f396534ce00c341e34826cbcb4ec2c83967e69415e13dfb4fc55a11277a91e844918f4bf2d29703f4c5bc73e2886dd7f5d75f3be58337d5becdf4b5290f1f10786a57363ecd87c945a4c644261b687a1aa73b67f0f8f1749e3a30c2732ff5f0d0f6517ebdc3c363876b686c5f4a4e6e275f5e7f1f33bd83a4cdbe83a96bff035b4a2e96111a57e8a228e0b02984c23adb8f76f3e88be7d875a883faae514449a420d385248aafccef7c254c51245a3b7cfcf47f0ff3dccbed749decc29ee562656d0e8669214af215bd79b0745467161953af26620649f7eda4a6b08e2383b9f846b3681b2ae5c8b90ea62b7f20d7abf0e767f7f2fce905d1d2bd94e8c6a4e56511f067a1a921e66635e274921b54ab5a9b9a5a8649ded0f29abdf4a5003d917756383f5d57b2e9075cdfbde7ee4d9972677e7d671f3f7aba8cee81009a7989526322134d904d2c33157f309f3e5f2903fe22225a16e85e8a8b4ff1d555f7519a1a2467e997295df6c5a8c430b571052dcb22364566e7810ebef0a39dfce0977bd9bef51cbb7637f3ecb6733cb1b59efa9e516aaa72c9f638d04deb35c32549d198ed7d0f9fe664fd001dc301fc8108274ef520aa3a4b66e5e070b830aec0b1c6436d204936d2cb3660aa0e6c7dcf312fef244786f2191ec9a5db5fcea1169da2f07ff3dc992a1a7a2aa2fdad5f6d19c56c8c9ac6a1426a8a4e91a6b7283965b5f66dbbcf9c26b997d613bebf6c2f7da9405faa767ec53bdf76ebcdd3af5b91b52a3cda29fd624706874fb808e8c1cb971a139948b4b38d6c826c8069a3a0a09eafacfc2385a912792bbf45e1fc4f80a583355e6248a28820083cf4743d9ffbde768e1f6cc7120570a86093411209fa358eed6f63fbc96e962d28223f33e55583268d69669753418b583cf34213918849f76898919110866eb1e7502fa3a6c19ce9b964a7395f8122f62479cd60632108e0295886e8ca47ecd94a6dee495e1e2ec017c8a4df9fcfaef6621a86f3d10cdbe5473726304112b0224eba75272b8b4e216b5d6942faa2cebafae6012eac14267aebcbf6d2970af444de3999d448b1d96c293fffc1e7de650b377bf63704f9ddb612fa7ca3188cb5e85d698bb828ca6de06b2befa3c803c5eb7f4cfeec3bb08ce058418e2f5c9b4d66c7de36befaf3976869ee07a70ab23c7609ad688e25195c2a7d4d431c68ea67f3f252529cd15e7d9703925d958998167b8e75f1c4ae26b6ec6f63c7b14e9a7a4719f26b84c33a2832960907f777b2f5403b6d23211caa8cc76d4755155455c2a6cad81409c3780dde1b0093b48225c8a985085d4f312ff71887078a181ecdc4afbbd17407c857b09c04014186fe911c8ab33a28b5b54b8555f3b3b7ecac3f6a9ae6a5bcca79b2d12e970d74bcdc10b9d03bdb4912d9f8da57beb8707eb9366f74b89d9f6c2be454a348c80c9ff7f557d20c954c6f0f5f59f5074a3d210a567d87829adb31f56054ca2509950d0d87f8e16f8eb0e74407a66045fb7ae816b25da5a0289dacac542c492014d2c129d3dd3888c323b0b83a1b59b58f79cd8b471c1c3685e38d03dcfea5a7f9de2ff6b2754b1d7bf6b5d2d93bcad0509070501b8bb5135daa127d5d3ef6ec69e1feadf5fce9f973ec3dd4cecbc7bb3972ae9fee910855a519080808af360a224475b5276f0138b211bb9ea426b79ebddd150422eeb1c8c6952e270b2c95f6503a6bcb0e618e76ba73abaef71d3c74ac330ee6647d3c9279eb4965c7a5001defa193f5738eb50aba0057616161fa97ef7ec7356af05cca8e3a93fb5f2c62383c8a19ad595d59336ca438037c69d57dcc4cef2167e937289a7717a6111cdbe4422f655365f61fede60fcfd6d1d5e7035102dd2427d7cd973e3887eb16e7a32293959a824f37f18d84c01408012b66a5e2723a5155dbc5658624301a32f8d03dcfd3d5384c795916c326e89605f2d87016313e3fe258e3af00b2846980afc347dd993ef61feae0c59d4d3cb2bd89e58b8aa9999a49447f6d3adb32753cf90b3015276af713546637b3bb6d1691886b2cba7165cb4a902d7cfe0cb2d2fa98626fc49951e8397c66e494dfef0fc7419cf812d06495c449d364400b71dbc47be7c4b99be3e586f3739fbd6bfec2a9e17943c31dfc745b2967db242268d15d5c09ed2c8c3dca90100581bb96fd895579e7489b7317254bbe886545c63ad727c990009224b2eb60175bf635333c120149461044fef98333b9696d2199590a3655a0b135445a8a9d737da3583a288ac8dac539b85411a72be562d715411018f647900d81a9455e1453242bcd49e3801fcb14a237d2b8fc08381c0a05d92e6c0e195d149936350d35cd814f071c0a840c5e3ad54d71be93caa234cc84aeb3979f4c3cf94b8844fc7887b7e04deb636f6b4d7470857485ea3a7179144c85f6809765c52fa3685d29cefc3543878f9eea60bc868e8d624916ca838b7869f122394e941cc946a4bcf21e408fc7e3dabc7ee62233d8c3fe2627479ad2090ba1e8b079e90a9a2882e1e486392fb0b9e4048e299b285bf6d5a86c134092a4090d412412894e7e1edb9fa0ca4cc977a3e926a22051529c89208bd1d8b44d01494433c03444c2e108baaea328caa4c71104915caf8b4fbebf963b6f9b476eae8b34879dbc0c77b44cc6e54700dde2c6abcb78e2c7ebf8b7cfcca3ba3a9d5f7f6319d3a7a4450722ca22b8551aeafa79efa71ee7f7cf9cc2e5b021cbf2a4e73199c5a26b65cbbf82b3e25a36159de4edb55bc1b045aff1152d3301ec3add23251c1a9c83c31a6656a9b9c8e572b9e2198a5b57e2788bf117cfe4ab063a19ccc95eb1a67eecc3ef9f9e2a3467fb83c33c72bc88117f241a73be928f2f5100dd496de9293e34e319d4cc1954acfb09aac3131d7e3559018a128a22939ee6409195571efb66c4e0e1ed5df8464d22868d03c7fde89a856698d1c60e01525c2a5eb78a6158d1b9f22e0118411409454cb2d29dccaecac102ec8a3ce6b512f2a548ec38d0cd8e13fdac9891cd1d6f9bcebfffa99e1d077aa2236f63ea2fc546d867f0e2a15686070781c96fe08b436da1d8dc54acfd31b6ec59dc51b5857965a740772448a2d76ed16172f04cd3124c45411dd99dbde9aaa5d3e3198a8339fe9deb8913ad4f9826eae02fc42d85b89d264ee935ee4496cd2f9b4ea085639d4e8e347a095b2358827c9153b89c64812193e21ee6930b1e26d5e9a064d5f770a69561687e04e1e20712102829f0e0f5d8a1470241029bc8c33bda0987448ad29cf40e86f1a4d839d0d487a95960891415a5929e62231031c685d12ed8bfc0b85723473f472b919a61d13d1a8e4654c4045fa2426b47908f7ffb00eb16e5b36ec914761f1d241236c1ae9cdf2ea4b3745d091fbea69cb6ce1e5cee20f979b988a238f652d05771558d300e4f09c5ab7f88f1d875dc35ff2fdc3558842f98121ded732507334806cd03659c18aea6ca7e842979e674e028e359b2117d9d5ce25b04e287ac0b24d1d41369e818c831cf9c2cba31ae32f80fb7df3efd9deb0ad6847d2dd2bd2f9570acc94998c879af7a254c10112c853b173eca9afc53642cfc0af9b36fc74c6801bc98a57b1d9cae1be4e5867e2c21fa38374d9333ad43f80da82af0d0361c645f5d37fa5845ed13ef9e46558987b066919eeec56e8f4e3b96b86f55955024098b28c492140db53dfd4213bb4e75d3da371a950fc9f2a78a600934340eb1756733be8806aa745e72182629a936bef7c9b95416b809440c6449202d2d0d49515e532511cb2025b3021d9194fe47713842ec6d9b8d255d627fe8cbe9bc64a98c5a2acb720f61531de99ab3a6bda1a1b19ff3d18e895ef479d1cae16492231eea78b0e37bd8bdf25ebbb52b665488a126a56950616f433641233cd6887205cd70b2a0ec343794edc456b086e2f99f46c0441a03e7520c41c4e37670dbf533985e980e613d565b0441c0af19b40e05d976b283906642c864f1fc5cae9a9f47306ca1aa2a365b34ca11bf5f598e562e7ff6e0095e3ed78fdd6ec76eb7a1aa0a5b77b5f2f0ee468eb70fbd129b4d6a0851709d2ab85530056449a6b030355a84067cfad699cc9c92c1885fc36eb3939f5f80ea7221864248e130d245b4fdc42622580625f33e8dbde82aae2bd9c3a2b293a03baf6c190a02826a70baa782b670294ae8b432add45111cf521c5ff11e3a5e724cf8c848e6a1631b27f3cec9e6a6733a6c36f797eedefc3639d2e278fc442e2f9ccc2268062face9be1643c66e0bf395a57fa0285da764c36f70a6976119fa657b23cb82a2023715051e769dec636820f04a0b61c4b0a8ef1a2114312064505292c60f3e594bb6d74e3862e0f57af07ad3a2172a6e9fa228601af0af3f7b891f3e70846044a7ae7d889ffff108fffadb8334748d445b23c54b8ce218029e1495efdd55cb976fad261c3149cb74f2e51b4b09eb1666aa879cdc1cbc1e37e6d1a398bff81f84c58b101c0e04ebd585f4c044526cd83cd3f137ff8912771bcfb6d65ed196c358c725534fc1ed0832db7b1c4b4973ed38d8f5b2695ad179d4c6cfd991eccdb513c6a427027a22b9916c4a02d79d1fb975c6aad9d2bc91519ff8d3dd1534f599e857ba55507370d3ac17b9a17417e9b59f276fe6fbb0cc573fba0404a69666b06c762e07cff6d2d9390aaa8c6e5a187ad433d7cccce4079faca5aa38157f48435114f2f37350923cde455144d34c8e9de8a3a3c7cffd4f9de6d12d751c3cd143500014e5d2f38a80a05b7cf67dd3b9edaa520cc362668597f50b8a28facabfe0f8ddefb167e79061e898f7ff11fd139f425ab51a79fd5aa26382e3bcae70a12c9ad844b02c9c698584c311dc037fc14f0a873ba747bb185cc9f294a03f92c2dae2231019564999dd55d7d0dacb79b9111fc28bd94565c76495c244a8e32b84f18f07e586ebd6ce15b5bdd2a9ee54ea7b52d1c49164374f34c52a2ec26554340c85c28c5e6ea97c1e7bc60c0a6aef8c9e9c38e9d367d2240802feb0ceb6a35d8c68160e970d5d14d04c8bcc743b1fd95cc6bbd61492ee52f087742449262f2f1787c38935e60113f7e774aaccafc9a3a73f48697e2a875b06e8180ebed25e72c93d12348b8c4c27d72d2b44562414dda23c330bafd78bbe7829e697bf8870dbad58921dc308a05c7d2dcaa7ef04c01f883014d0304df0ba6da438ce57282fb5d2280005b51f23d0fc1037556e634bcb3cda8633a31d962e355dac9c458bbe601e677c554cb7ed956a6714ce7df2394e90c016e3d9d3192f3b2ea95218af9b934d851befa19d2b56ac28f8c00dd356116852ff78b484fde752d1ac70542bc57453c48070f40537a2aa461b16423a6826c822822c4dec4905014c071fa8799e35852f93b9e05ff114ae18bb56afa11204c892c08cd274ae5956c6b2197948218b415f988a0237dff9d86c9c368991808e4db5919f9f87db9d32e17163694a491aa3a31aa180ceb49c34f2bc2eba868384351341142fedfc4411c300a753c6342ceabb22cc9f591a7dcdf2f22508ebd6134284cc4c1c1ffe08d2bf7f83e37d1adffeedcbdcf3abfdfcf29193fcef13a7f9d3967a5e3ad54b7aaa9de29c94cbba3692e202d181d4753fbae4624fdb4c908d49ce5988e215d441b740961165052b6246eb2916a04808f11122c386aa44989f7918dd72d95b079d67fbfafa7d9cf7d2112eac204eeaa5133db490b09eac4238eed5b9d76e5a5deeb2da535afd12075ab208593ae2589cd5344daca04659713a576f98c6fc5905147a6df8431a752dc3ec7ca989ad7b9a080423480e75ece0e3cf5137640abdbd5c5fbe1b356309d955ef4d720fbeba240a02471b0678fcc5061adb47e8ec0b608a221d7d61ee7db883f933535934371fa7cb1dad505e42723a64fee13d33f9cfff3dc2f1d37de4795cc88284201848e2a53d4dacb127c5f7fe7c8e1f44ce70c39a0ade77cdf9ff15972e6670fa74347f80dcc25c7eff4c1d5ff8fe4efaba7dd1d8ba244497a6c5be239dfceec9d37ceed6797cf9f67928d2647180f129abea6686ea7ec375e15d3c7476298dc3d94849bdb4801ed210459135aba7b16ec5142a4bbcb85581f68120c7cf74f3f4d63a4e9eebc752256459042c0cd5e2f4e0147cc559d88da69499d36bca4f9f3edbcec4af664e168b1ee7a993498e7890633027035a06e482cc48a61919a5aedf43d3600a96e043142574ddc4d44ceebc7d299fbd791665fbb7c0c3f7c3c030e4e5c082f97ceeab1b79be6d29ffef3fb6f1d2cbcd2829f671a767011836de59b98f82944132e77c025176269eefab4e3b8e7673e3679e24cb1d9de1f3ec801fb0c870db79e9cc20fd233ab36794e34ebdbcb1c4ed5d019a5a7d38ed0af57da30c470c2459beb8ca12c0322d8cb00166b441ca8c58a4bb650c3d4228ac63b7db9024894ca79d8015e1a1270ef1916fbd84204a4cafccc56d93e91e0dd23e1c9d1c46140522bac1377efe120e55e40bb7cebbe47c08a28dac599fc0ecbb997754ece73b076e04d11c2ff204d07c612aa764f3adcfade59af4516c0f3e044fd545fbac4caf84d52bf8c75b6ee6574f9ce11bffb983b06ea0d82424d1a427984563a88229f241dc725f261370c6790ee3f94c9c1bef02c9914c6ec45708e3279071badd2ef7bfdc7dc3d5aadee67cec6439bb9ad2b088609a209916dfb86b25df5aefc5bb6f17fce529b044505418f6c3d973f0f211ca643fd7bf7f3527ba239c39d78762975f798469a64aa17b88cfd6fe89ecc26a72167c0d51b271a5d2bd4f9fe5c8a93edebfaa92aac234d253ecf4f9230c85349a87fc740e043959d74f518e93fcec8bf7df00304c93fb1fafa7a97504bb43666f631f7d8130b23cf6b89dc42c40fcffbcbd779c5d55b9ffff5e6b9753e74c2fe93329a443801042ef4544d08bca15b02196aba828fe2c57bf96ebf5ea57af576c171b362c584030801421269010524832e993e9bdcfe9e7ecfefb63cf4ca66712e2f7f37a2d723873cedafbacfdd9cf7ed6535db8646d39ff72e5022a8a8374f4e5292954b96e5d21a94c96c2c21842083455251c8ef0955fd4d2d096e22d172ce6dc05a52c2c8db0626e3145e1009df11cb6079aaae0290abb8ff672cdd9c5ccab1c69367472040ae693e97e8962ef205b3bcf65c82c4053bdd17336733667afaae2b1ffba9ecb8c66d4c737e11d3a868814806943470f1c384a41e3112edfb0802517aee5b9575a306d175595d85e80422dc3baa27db87a556847edc05ec7714c7c7563acca31b152e94809b159117aa62aa223bd5122ef79d7ed2b6edc5874413a9d900fed594eeba004e160662cdeff8ef57cfd4d55886b6e865ffc0e6aaae10dd7413607cfbf083dbd9048c2ced788941770c9dd37f3b7ad8df4277268aa6f13b69d206f3e6b37b7d66ca370cd2788ceb97c561761b61052f2d42bad482149990e91808a1492fe8c89e3c250d6a4b6658827b634d1d89da6a430ccfc8af08c54d8b9bf9f67b736531809d01acfb1ab6500a9f8619b33eaad4260190eb75fb1909fdd7f2e379c5fc5cd175671c1ea120eb76558b7b890e2588868343aaae7662d87af3d5ccb9bd757f3e977af63d5b2108ee3d23b60b2b0248cae29b40c641052a068925cc6a1a62ac8f94b0b46c3604fba464a00d731080c3c467b7e3efb7a96a0a93652082cdba3aa28c4efbefd66cef9dbc370eb1dd03b88b8f25258770eec7815f6ec856c169adae0c011d6beef8d88a2125e78b9092da0fae101aece65957b716c27905516b6b7b476f5335e8f1e6bc61b5b0f6f46429f8afd390c84df73e71bd79e3d2fbeb4a13fc86ff72e219db7706d8f3995317ef9c98d14befc22982ee472f0e21678fa590887e1b3f7c3c60ba0ab13a241387084a24515a8ab57f3ec9626545d410885b0eaf089f336b1a82248d5c66f21d4d949c9d9622069f18717eac9982e9df13c07dbe3740c657d024889aaf849b319d365e7a13efef4623d3b0ef7531e0b13d17d278dae9dd049071306bf7af418ae038aa6b2ada197feb489a6284821671c1e826848e51bf79c4d75558478ca460b04387745151bd754e179829026894423a3448c676d0ed727f8da872fa06661848062b0746184ce7e93de218bcac2106d433932a68d22151c0756561771e9aa623c249aae4db734e3108855936e7e9c88e8e7f9d6f5b842a2088195b7f9c85deb79778d0b9bb743ac006a0fc253cfc2fe5ab8f66af8ccfd90e9b47e6f0000200049444154cb826b413e0747eb587ffbd53c7b2c45574f1a4d97e4ad10e7551c23e2b4c941737eefa163adcd4c26f35813dec4cde1e89d39d5a65032598756996cba53ce5e56b140b8751ceb9f4b32a723943c66d6e1fa6b57b1a0f900dc7b3f5c7431bcf79dd0db074f3c0d7f7d1af6ee87dbdf06e5e5d0da0ab93cecd8cd5b3e7229df9813a32f9ec5f1029c5bd9c4aae2e38417bc1b19ac9c3d5367899f3e7514c55378fbfa1a2ccb216158ec6e19a0b663c8b7d2e01b59028a821ed4705c972777b4f0d2be6edeb86e3eeb97961308a944230a45053a0dad4992198bc27080ee548e9ea4813a5c9ee064108e4b6124c8c2ca30d9bc4730a85352520242b0b02a081493c9e4701c0755f52f5b4457f8fc7bcea5b22c48369b236f7a545696b26685475d4b13114da3bc2048772a8f507c0b8baa2a2852c1304dc291d9ed4764a08cd0c237b232f510e754b6f14ad7325499a3a434caedd79d059fff306c7915def406b8f272d8b10b9e7d01befe6d7875375cb2115cd737e51d3e4a303ec05bdfb0965d07bbd1a5c0b48334a517b3215c4765090b38c1b1b1faf3541bc3497af474568e89168e89e957cab9e7ae2eae2af5ca2dcbe2606f0939c7437a0221152e59370792ed6098f0dcdf61e71eb87423fcdbfbe0c831f8d3a3f0939fc30fbf0da605e7ac83ddaf51d9d1c48aa515f4ee680655e1aa45b5144754a28b6e9dd5c29f2a16551490316cf6750c62d80e834983eeb4319ccc3a0514855854c1705c36ed6ba32f9967edfc522ccbc1c3435524d1b04edab4d9ded08fe17a68b3b48e789ec41560d9a0484138129da4124422a171ff1f0e282c9b1f01404a49595931aaaa134fdaa88a2ff5b3968b3aacf2a88a64d9dc021455e2b8a766bf8f55df86d9fc1bae5954cb2b3d2bc085b99585ac8ab9be4ad1d20abffa2d2c590c6fbc112e5c0f4ffe0d9e79c697dc37dfe05ffbf27278fe39365c763b9161cb96a7a8d4a71771514ca130902b9f3fbfb2a4bdbd27c3f4568eb1968e71568e89574e4c1823938c95d20aa09e77ceeaf2b248b6306d2ab40c1582f0edac9aa6325f31fc0de0e73f0b575d0eb60d4f3d03fffd00e801f8dca7e16d6f86fa4678f4315ff578fc714447078b169461b92a95e11c17551e2558bc8a50d9ba535afcd9e2836f5a4ee59c023a86724482018494644c1bbfe08b32e5105221a069084d6547cb20877b931417048884753ff74f51a8eb4dd33c904153d569e79938545525937369eb33080735346d76eac00882c100814080e6ce2cbb0ef4138b04e8491bf4a40c544dc373041565612e5e5b8ae58c38a54e61fed2b5044bd67261d511e64532389e4e20a0c05002aeb91eeebb17e6cd81e30df0c00fe199e7e1b65be1e3f7c2aa95f0ebdfc2d13a786d373cf71c21050ac23a42483455d09d9d8b298b88c8fe584549b488f1968db13c1c2b9d2779d6a61245d399edc64a69e5b28b2f5820ec84d29709d091882285871c0efe31b400ecd9e5ff88abaf844f7c042ebf0cb279f8f143f0bb3fc02d6f82b60ea89ce31f35a0e18522a4b316ae0cb0a2bc8ba5459d68955720d4d8292dfe6c5152a0b1aaba14cd5398130b53591421a86bbe034491fe666e9aa1a80a425578b5b19f637d6902ba4f5e17414d79011585619062c639c60d5592331c9ededd4d20a8a28dd1cdbb864cbf6cda49d0dd9fe7e1bf34203c81e97aec68eaf77385a4c4b45cde79ed22562e28c476bd59dbd5472094085ac5152c8ef5b0a2bc13d7d311aa8648a7e1473f86fe7ef8e887e17def82ea45b0ed15f8cad721a0c3e597c28163b06205f4f4435905ae9038ae442a0a9a0a43563149a7189d9c52595952c6d4aaee58724fe9269e4e428ffc6d2a5bb4022876f2a89418b4a50b19cc07501517451108e171a8c7824b2e83a656f8ea37e0e5edbea4feccfdf0969b7debc6c183f0ea2e58bd125adba0ac0c7be102ea5b0608aa1ae756b552185108575d724a0b7faaf8f2bbd7b16c79299b1b7bd9dd3a84e9fa0e1733e79237ddd1d2057e7de8f14353259e14bcdcd0cb60da24a0a97842505e10a2bcc0570fa6fade544391824048e38f5b3af9df4d8d6473bea5e5ef7b0778c77fbc4c6f7262c39ff168edcaf1f33fd663e41ca42a79e168375dc93cbaa690cdd95c7176391fbe6519a623905221140ace38df5488ccb98c5858e5bcaa16344d2519cf915cb41056af825fff1ebef7bf7e9cc607ef86fb3e028b164243033cf7bc1f3a5a590e758d70f185743b924cde4255249ae291f1220cd8738984a488a9c922260bd2a9548e698393c6c66e4c6c9639312136bc6cc9c2d27b3f70cbc5454a57f1b696856c6daa4478a6ef9a75219fc871c73d572297540fdb9b6b61d71e181af20dedef7d172453f0f4f3f0af6f83a79f867fb9995debaee627bfaf45d304f7ac7d912515105dfbef0879e66ccf135116d3b8f592796c5c5e81480986920673cb83dc76e502544f60182e99bc8363f93ab2329c393d321429c9990e088525e5513445a12d9e65774b3f5228e33e7bb2a14abffcd83ff6f7f3c29e1e9e78b9931f3e7198d6f60417aea962f982a9ad3c071bb2fcfeaf8d58a68b2de0f9239d340d64d054855cd6e68215a5fce493eba92a0e92cd3904833a81807eca6b254315e4db1fc732733cd77e3ee9649e35cbe7b0ea8eeb60280e878fc2f69d70e428c46270ed55f09637c34f7f01cb964071111c390c5ffc3cdfdb9ce0705d0f8180ea9b009d20d5053dd4046b31d4456e436bb23e933532f8560e63784c34df4d2cee38e3a670ac1e3d6e94968483738b65996ba8b425637e2117e9df1b7a58b2af6e804dbb0779f30d5740758dbf31dcb6038ed7c3a183505d0d8f3d01d75c0983035010828f7d84877e798474ce6351599625b156f492f311ca3f47dd9888a2884628a42384a0ba22cad7df7f0e89a44163579a432d095ed8ddc70bfbfbc8d92e9a3afec1a6a88264ce444a85a026691bca63bbbe45e154a14affea1c6849e27a09545da2e90a6d7d19f01c5c4f8ed37f771d4cf1d7175a082892846df1ece14e7a53791455259bb5b8665d25ff73ef3954574448664c82419570f8d4a53380902102c567b3b8601b730a3234e443fc6ad3516efa3f9712fee447e0ba6b7c1fc3de7df0b767203e08aa0e6ded70d73be08f7f807b3f406d6001cf6e7e8a6038e0c78000ba26e9cecd21581aa2306894858232c8f4527aac749e56879ecac23151ed90805cbc744dcc3187a4e578b4256248e99dd02d15054f957cede77ba8330b606115b4b4c0473e089fba0fbef57ffdc7523a01975e0c8d4df0f043fce680c5a6cdc7d143115694f4511949a3975f745a0b7f3a703d0f81400a89e37918864334a873eef24aeebafe2c1efaf406befeee755497fa5272a20eac0e3b830e752539d69344d5d4d9ebcf13f5734512086984c2fa68e24048f10592659d503db6ed4df0d7e7db08e92a9da93c9b0e74d29731114241d81eefbf6931bffcec066a2a0b48e75d344d231c0ecdcaa1321db4ca8d5484d3ac2cee26108cb0fd400fdf7fa21e56ac846c06ca4ae1fffea77fbdeffb383cf9a4ef50ebe880ebaf26f5918ff2c51fed229eb55035e5c4fa291e7d4619420de25949595a3237c614dc633c3f27917a2a093d95941e47ee37de78c992e2824ca4a353d29f0b8cc6dc8e2014d269ee4ef3feafefe4818f6fe0dc0fdf0d5d3d60e5e1d1e7e0e637c0ef7e09a938bcf5567e5d0f5ffcde36a4a6225d95a5c53d44831259b0fab417fe5421185627a444080539fcf81f91b152d5b8e3866a9adb0c7efb4a1309c362c4baa74a496fdae4b17d6df4a70d6c17d45308029a7c32c3615a9e473663b3784e8cabcfadc0b661e4e95a7b2ccbf32f75511052383e90e1c5239de46c17d781f2028dcfbe6325775db710cf85ace1a06b0abaae9f52d4ee5450c22b098534969474f3f78e73086a3adffde3419480cac7de78137ae10b203d387418e209b8ff63307f2e98595a97ace773ffbd876dfbbb881604c6f9f8544592f20ac8b951a2112bb27869d592d76a0f1d65b2de3c91c8e37ed158424fdc104ee7649176fc088a5b42c20c11374328aa8df0c63f5ea3d100c75a8778d77f6ce19d6f3b871bd7ac62c9554122b7dc00452574054b38de14e7177f68e7b96d4d08554157153c4bb0b4a48340a40c2d74e69d29d34108314642fa01fbeec4c83f170a423a05618da4e5a0287ef68b2a3c0a820a1d891c014d451bbb14a792b72a04b6ed60e4fc82960258bba0802fbd6f2dd5730bc8e76d344d61206ef3d4960ec24195b67886cd477b303d702cc1fac5257cf59e35ac5f5e8a635bd8b687a6a968daa9ab3f53418dcc2118a964595127aa0455d57115876ffeaa961d87e6f3bedb6ee4ecf220f37e7a1e0c7492af59416397c12b0d097efaf9ad34b60f112908fa441b9b4c2c216fc7c87985285e2756a219a697ce23ff8e2cd3b4121aa696d0e386a6da2a4e96b4598069e808e977679a88703440d270f8d6cf5ee5e1a2084b1614515aaa611a693abb8e50df91c0741c82213f20c9712531dd6261b41f19aa4284e79ee6b29f0604be1b5aca7171cbe007be6d3f90a2a129cd8ec67e06b2169aa6e0382e99b4cded572ee01dd72ee0beefefa52b61a269c39922c3f3cef6116fdb2ee72c29e6822585d82e2c9d17e5baf595cc2d0d61598ebf2955149edfd18363430e877f1cefc5f43c2ccbe3c60b2bf9febde7120b6b8087a2aa28eaeb14c91397295409a14ae64586280c58645d055581484c61fbfe4e5ed9dfc5b27945cc9f1b251092c40776d3d891a0b33f4320a8108d4dadbf4b3c5c3b409e4202b2c9f7b64ce6de8cfa334c4fe8a9261abd33365c7c790ddeabc48d102efe0e7dba65939a42a1a690322c761ee9c619ae32a529024d5788c81392c3f6144ac3592a2249089f03e2cc858a9e0c02501489140a8af06b6a28c3bdad3de0afafb4f19b671a40134845e0381e214de1ae6b17f1d5bb57110b695c754e159b5eed4455fdc01d17df043851d24f07db86e50b637ce93d6bc6bdef176894a8aaa0b3d7a4a53d4b24a8b1b3ae8744dec2b13d6eba600e3ffee47974f4e5f9d3960eeadb529836ac5a5ac6794ba39cbbb8e00cad5410195a4445742765a13c6de942a4f063a4c3611dcff568e84e72ac238eebf961d99a2a292808cc18e0e72170a542d22aa2527854ce5b5803cd53e9cc13c738ccc6ca3171b328747b48119a43dc0c61e3db354f2607745d413f59308cd4280a9a9485b328c1f92799f1cc622453448e8473fa6f027ebcfc57ef5ec139cbcaf8c7de4ef2a6c5e239116eb8b08a8b5694d0da95e7f9ad83cc8bc4b8e3a210aee3e12118cce4d9d336485fca9895674e0a0f77824bdaf340514ebcd71fb7f01c41c675688f671128ac5a14e153b72fe78147ebf9c38bed74274cf0fcf2b9f63f5a290a07b8fdba6afebfb72d2572ead6ba49504373290b67280a1ab46655a41c537a4d42e834dab97a0042927622547a12cf488d8d7d3e192f4f9cdb2c8e3549d45bb901a4ea903402b84241995834e534215c8548c820a2392881c23332e7ac8f3decee56a42f812722a049eebcba823bafae60a4ee6436e7f1d4d6018e3666b01c97a0a65055e03f551a07331ced4911cfdb28dac96f78005597b4766789676c8a22eaf0798dff4c3ae73b6bd28643d6f11b1e2dac2ae09b7face7f9d77a090414c2111df0fcf86a21301d971f3d5e4722e3f2ad7bce427d9d974be83142aa4b2c9c45c47d4bc59980a7a8a42dffa99f37467ba64f543766c44c2ac77410d86984808c15c2137256d2673690425212ca105005422f3a23739e0a142911c3b115334108d87338cb8e7d7132398780eef7689142d09dccb1aba59fc6fe14b637ec8c99e5f143218d3dc7e33cf4b756ee7febe2293f531019e9042011488241c1abc786304c8758818ee3b8e8aa241ad490782472160849514988c7b73673f9da42de72d1ebdb6c8b6019015d521cca0fef3bce909e2e153276184f11b8a60927e3e12c75e8895f98341c33e5a7f6783abef5f6cceca08554280ae6517509c1923332e7ac8f2d04235da866dac425d21edbf62638549f46931009a9e8aa423c67b0af2dcea1ce3859d3cf12d74e517009400f089eded3cb87de544d243079828290823adce428a4ab646d17c71368bac4761d96941772c1a21262211d55425fdae0e5865eba1306aea2f2ecce5e6edd58c9ebe260a8145d53280e6691423973d71f81e3297842e23839ffade9c79498294976f2f1465f987844705c0d558a713adeeb81ea08c29a83aa6bffcf09ede107f148a920c5d417e858b3c9d63d09922993484823a04a7296c3bef621f6b50e3298f3434f030175562ac6541042a13f6153d799e5dc9ac9aeeee2229d68544728928a58c88fead304b6e3b1b0a8801b57cfa7a248c3f53c86520e8b4a021487833cbebf8d8e788e44cec5723c02afc7fa112c46d1347475b807ba32bd51e054a04ac87b415c4f45322e766556bc84c976e8193f3cfa2545c3113a861718b60c9c299543415340282a68a1937fe10c420a90aafff8941302f23379d87930c3fe236914e151140de0010dfd69f6b4f48f66b90434cd5fb1d32c9a082014816b38347765a62474614450333fc891e339d6ce2fa5239ef36de8c2e3bcea526ebab494eaf92a520a9a3b2d5ed89ea03812627d75399dfb5a292ed0d15fa729cf1312a17a14074dd4e13add678201be2eae8094332545ccc8d3d96e0ac72131d4c3bcaa3081a01fcf2a4ea273ce06be8454280c1a08e9e279676691660b3fd048c1f11835d9bb2ed4b7dbbc5a9b6170d0201af19f483da93c7b5a0638de9bc476999ccaf43a4fdcc1a373d09cf6efeb5747a96f33585a5ec0f2b9451cee48a00a85eb2e2c6659f5897359325f23bfbe809776a7a92c0c1355752e5d5b7206d6558018b108f931e267e25a89e124045511d339a44e6b5378521cded7e7e5e326033de7a3076b505d0b7716f1ba336164472e462a54fe3f865004781ef3caa244031afb8f99d4b7e6e91a305185a0b850239977a86d1be44047dccfd35324ba767ae7ea0d9b4aa6fab62b5d5afa8c69bf1b8bc0c67531b6ed4a71d9b24a0653261d8359328e3be9b3f32b0314462d8e762658b5b4885b37569cd6f94ec2b003ca0f7f956784d07a3080275d7a3b7be9ea1c3c2d42cd86d0932696127a7b53ec7de239da5c87aa8d2b891546b04d0bcff54e5b42095592b6a22074c4347aec9986071c6f7538d29023a0295cbe622e9ee7b1eb400e45422ca491b75d6a3b93ec6b1da22f9347552481e00c36f561b39e69fb352c34d56fde39b22e025085c0b01cbce158e8b1505549ef904dde1a5f1a7a2cd6d468f4f6876868c973edeab9fc654f2bbf78a6838b561451191bf3b8f660286b23420a5f7efb3222fa99a0de705d6d7922a0eab467f54051fdb9da8ff5601fdf42303680999feed333632ca1a7fab037d56bd783a00e51c521b9ff35868e1ea2e6facb295ab6084d15b8b633db9f330e5208908affc8f7a6fe456712a90c6cdb6b70b039e167676b12818761bb381e9896432a6fd19dccd197f65b6b0474ede4174f82653acc2b0913092934746650353f2ed40384e77241751941556147733f19c319b7b1d635959e2183ae21939a8aa93d2152c2551784c8e51df441856bd6cc63d39e76bef4703ddf79ff5242ba4f6ac7f5a859a473e72d0b293c23641e7e800a958c15f133e46791043cf544a0e93af1788a8e1dfb88ef3d8a12eb42acf17fdf184cc9c3a9de9b28a16725e6855f79165d9180869b4dd2f0f853446baa597cc315448b8bc075709c5324b61498ce701496939cbe1cfb198061c20bbbf2bc58dbc391de04f19c89af007827bad30cbf50a418cdb43e390496ed105414be72e712b286c3c71e3c8aaa8ad1f80ecb15f4a60c6e3baf9af25888276bdbc95aeee8455415858194435f727a42fbe705d75d14e1f1cd19565416d1bfc260ebfe5ebef378887f7ffb02004a6282375c70864308dc04e0e2a2f97ba8d35011554dc3745c1a5e3b4adfcedd3883bd4088686838b86bf6f7c838cece749526363c1c1d6a60f89532b27151008f74533d071eea66ee45eba9dcb88e7050c7b1664e1d1a0be90a527604cf15082be9e7ccfc93d0d66bf1f0e6661a8652a8aa44d3d551eb84c288ebfbd4e7751c0fe10a3e75670deb978649192ee7d4c4d8df9a261cf2ef500924721649d3a2a6bc80b5f38b79b56960d4e32615c81a3675ed261b96ce7cbca02eb8f4bc08cf6fcf70d1e272ba1239feb0a59b95d531deb2e19fe46db5e2e04a5256c4d73c4ec15328a540681a7ded3d74bcbc9b74dd317c32e98040919eef12f499392d07a79d7f8af74ed60fce939a8ef05ca49e1bf3b600743c2b4fc7d67f70e0e13f916cea400d04d134cdf76bcd220d296515e020c14ace7a914e07b5ed0667af8cf1960d8b585c5e80f47c4fa13f8673fdc69ddbd8c23093cf5b1112dbf2501cf8f86d8bf8970dbe1dbd2020f9c85b1612d1556cc7c3755ca4e3b1a0344a5055705c98571c451faec03a329fae29eca94fcdeab7cc2f179cbd3c802675362ea944d3157efe4c3b9d43a750fef654600ce2b882a4199d629da64f2f0b0483e44d87632fbccab1df3d46baee30275255013c8496c3751961f48c3c9ceaefb3b9b53c26942f55028502dbc2d3d39c681f37764a1dabab83dadf3dc681279f2797c9a186838cf6ab9b6648459037a3e4dc20d8ff3c427bc04deb237ce95fe7525d16259377b05c6fd8043979789ec0325d72391bd3707defe898bf232539c3a530a4f3c5bb16f3cecbcbc61d6fc3e210ff764b0d65a1206b179470eddaf95cbca4120f3f1c34633978429c085d95122da870a0354dfbd0ecd4b6e58b34c221c982a2280bcba334f7e678ec95f83f61f500274dded3c99a31dfa932c335454a1455c55655baea9ad9f79bbfd0b7ed25bf8ad2a447b0077a16db015786c48937c77170464ca7434f25de472715c14adb4bb4120ba66738860e9e47fcb53decad6fa6e4fcf52cbff43c3cd3c2b25d8400cf13780202c32e5e4540ca0e9134a2149883273bf7d3860082aa1f02fa725d1f73cbc3d48802eafa52648c912e57e03a1ea6e950511460f5c202165786e84918bc74688854de419160da1e2a70d9ea123e7853252be64c4ee8ed1982398110b75f584344f725b1e57868aa206d581cee4cc0045d54512095b679717f92775d597cd2df140d4149119886cadca2081d43599edf37c0bbaf2da3e00c6d064761c449595152760865386460f44f86831c533dd66f459de3e0d39b719b8e0e7f6a3a0b914340cf6039024f466c484d24f274bc1cc5543af454facad8ec5af7e891632d1b4addb955a1ccc4dde81450b1ed0c575d16e2b61bc2c4e62ea03bedf747b773265b77b571b42d8fae097405126694b851c43cb7173fb1f79fb733341db8fbfa0ad69f15e2c78fa738da9d44117e3a90edb8a808eebc6e1eb75f564a71e484cd78677d115f79b805cbf6d8785694ebcf2be1fa7591492a773a07071a5d8eb7d84820a42b389e87f020a8290c640d361feba1376da0a90a628270909a64f3fe38b75d54442470725286022a52f5288b06d03595a184cdee7a83ab569d5e52ecd470c1ed61305f4cdc8ca229dea895c3b61cce595cc8e517ce47e80a8e80b063d25e7f889703d5fcedc146b2398309e5e8c6cd5d1a4861bb1e8944ba85319c63bc9630ad2e3d1da147fe9d720855b1515d8a0316528e740998a87a588002bae0eefb6ee447a575243ef70d94c2628a17d6c0868db07c2937bd7f231f7aa089a6ee0cb1a820e304e9c9cc61b5380e5e2f8839b35eea534548175cb4228407b40d65298d86b8724525b51d431c6a1be2beb7cce7cd1b2647fd6d581ae2810f2dc67660e5fca977aec73b5c6a8fb9647210d01584f0ad258a10e46d87bd1d43bcd63248226fa1e963ab498c39bfa0caf1ce2c9b5ecdf2af97474efa7b463ae18ae1520bb607cddd5938a3841e00d1477f7611693b84ae59789e473aed503d37c6b7ee5e44e1ee9760cb2ebc7dfb88f77721f2793e7cc71ddcf4de2b78e1a117c018e1e6c4c88b3c11d5c074049e103627df14ce48e8b11f9c78678cadc9eb16ce390fdb7e8662dd4653f3e498187761112b2fe6de2fddc4fcd200e79fbb88f82d9f2353e73f721240f0c19f52bc7a2de57bb7f18eab2a7969df1007db72e43d49536a3e183b213f00a17f1ea1472080ebd717d3d4524434ace2b9828dab8aa624f30896cd999ac8960d3b0e7b3477f8a1a3e1a0ef385124a4f2368d7d290e75c5fd028a08f4994a1d085075c11fb6f7b2b862211b564cffd98c017d0981a60a32868310124f8194717a3e816991ef037380a6d42520358467a149952bd615b261dd3c0af7ee2473c3cd0c6692e344aaed28dcffb347b9fdb279ec6d4bf3a3af3d859730189b1aa828590278241c891a2a0552a39c9b3046b8091324f544856122fb27aa1c2ee0fe7deba18664369f2e0db9a8e1fc145e3d97f77cfe26be3cf8776effc1fd2c6d3880fdc1f7fb51da8545c8a26272ae4d6f7f2f89a4c15be70ff2ddf7cde1bd6fac2120551a93f386bb6af4bcaeb53f159cbf58a7a820c0ee964152798f3965a72ed55279d8bcc7a3b9134241857050a26982a1bcc5b6a63efeb2af8d178ff7d093f10ba0abaa9cb1003a52a0a89281acc14f9eefe1e57d2ea91c4cf4702772f04aad876b2bb8d2a333990355a00a4149f40c17e971fac176694acc4791023d18e4c3ff52cdb76f82b7b39b414da72f12f25bbe56cdf1231801fb1d7771d1fecddcf6c07d3c103ecc7b3e7a237eed981108a49e41151ea9bc9beee94f37303591a7e2e828a6f2144e2599c7dd29470eed4ea8172f73dd7407c5a5fd0cf58e0d187711c5a5bc6591207ef783a48712a877bd87c0334f23d79c8d888490e5f3f0fef604fa8f1f24f3edef12fff637889dbd861b7ef3277ee26668b59692378a097afb816b5ee715981d2cd777540cc50d565787b8fdb2926935bda9d097846dfb3d72393f224e0ae84a9a1cea8853df97266358082987eb6ccc6ece91140dc7f6681848f3eb6dbd5cd95b4e558942410144231e0343829e7e7f831d0dc3ee96143d4903452ae83a9cbfe4ccd6d4c6d987992fa6cd5c4cdec813cc0e725e58d0bf721de9789ac0771e20f4adff21f7ee3bd1def676ecc79f402e3f0b79f61a92b7dc8adbdf8bdad4cc0d0f6ee297c1085e7e583505f4481fb60b8e177253c921df7b33817b4c263863fe9d9595c399383279cdc82bd583013a632bca53b4d4c9e19a1100062baf59c5b281068ca10452517087fab0bff10d020f3e08dddd7842a0dcf136dce636acaf7d190fc8eddc4defdfb7b2fba93eea3d8dda15156ca83a0c672ab7f32410f8ee5645084a0b55e646676f19886761fb7e0fdb11144661206df35adb100d3d4932c3e56c03b32c2e3e168eedf2c60b4b314c97bfbd3ac8d1ee0419c362edbc62161447d01581aef92d104d7014290000200049444154f396cb8ec6247b9a0790aa249f71b8626d312be79e99f4a8515847389c98c3b37f3bca50ed4e4acaa2f4af5cc0dca104381ec647ef25f8d0cf09fdf867882535c8cb2e432c5d8c79df2771fb7b114292198873bed9ce5917afe2d88bafe23785800505031826582232e8799601ce24ee71123d5a8e79732afd79ec9d313a69535b6fb2a9a3ad3d10942c2c34511487918da1128ef0f1b7af21fa87dffb4de5ca2ad0eef937e4ca55788938c6cf7e8efde8a3c8d56b715fda8abc7023225a800d94db7196af28a2ebc02e3ef6a91738f0c85f48746f3db3176406080948794ae1cca6053b0f7bd8b620a4c1feb6348feeebe040471cc3f33784bead96531ea603f9bccd676e29e5a36f9acbc2b2204dbd399e3fdcc51307dad9d2d0cbcb0dfd3c77a8973fede9607bd3000690cbbaac9a1fe6df6e3cb34912f9a1fd746cf907f77fee693a9e7e8e6c7b032b362c6169c3014cc743460a50d75f80f3d72711ebcfc3fce183d8bff91d0c0c2157ad417fcffb917a08c371a9fcddafb8e35deb11ca886a675019cae17890cde5db33392bc9d4bdbec776949da4474f25a1a7d29b47261ded715130e70287641b2545498492c1afe968b0e482955c213bc93ebfd97f5cf674c1b1c3a8f7fd10e3e637e13437e102c232d1eebf1ffbbbdfc33d740817287af669de7ecb67d9f7a73d747494f1f22bb5ac0dfe27e7dcf138baaea16beaeb2a63352386a3567d6fddecbfb6bf0192694150832d7543ecef18424889aefb89aac3539f1602bae0b5863ced7187db3646b8747588978f65797e6f9ad6be1c0371037bb809a8ef8d1384420a379c13e3dd5714521e3b33d2d9f33c7286c5a14d5f62d7d347a9abbb0a901028e10d57ccc77bf03b7ec90640ae5883fabef7607dec3eec6dbe30f2ea8ea3ffe4418c0f7d08d7c8e001e94d4ff38ebb3ec0d7972c225fd70a3243504b91374109163b909ac43966d6a781e9cd76539179dc0136bf7ca0e5ac8b8b9caa60af128d26c867ab008564f71003851ba8bafa32ecee41e492c5c8f33640dec4cb8f89a0cb642097c7dabc192fedbb78e50b2fb2e4039f876888f6c1729ad33a352db524fa0e132a5a0eae492412196d1e7f26213841e8d9ce9dca417baf1fe2b9e5789cda8e217fa337fafde9e7f1f04347c6e4b54dfab4ae090692269b0f6578e725312a0b24b7ad8f72eb79515a065d8e75d80ca40c3cd79fafa230c0b9351a55b133b336b66d93cfe7314c1723dd4cfff15db4e7343ae273001badb0844bb514c6be03feefc9a4b0b76f457def3bf1f2c6e8eff1867a118585a837bc0177d1029ca616228b17702c50841b4f010a7aa01f4de6497b01676028d5c264324f47ea719849428fe8cf23a41edbb0c5ae6f6c1fc85e5c95280f74972c2cce30d027f03c9dee63edbcffebbbf8c503bfe22c258bb1ff10cea627719fd108fce00798ef7d1f62c572943befc21b1820f4ab5fe11e3b8afb8fadb8ebd772a0210bb904b8a51ce8ae62fdfc56e2ed3b0997acc6b1f3241209344d23180c120abdbec28363217ca3c270f4d8ecbe53dfeee7c10de65c8ef6a6fc028d3366bf091cdbc5b041c743d3153c099eebf9b53c24e363a30504421a8f6f4f72c1d2025654fa7f53252c29932c29d339d3115c9ee7e1ba2e994c06d334715c073d1823d1b693ec4027877b16e0992580813d34c4d67480b33ef971ac430da8d75d8d587a165edf00eaa73f05ffe70b78f138faff3e88fde89ff1d249d47b3e486cd5725ecdaadc73efa398bd7e945d65248e74216b071299ac31c018ae31be7cee443d7a46093d95a563a274b60067df81e383096f695f91ea9554cee942d62fc571fcf0cbe6f6385a5b03f9cf7d92fc818308cf43fff4bf230c93e0b697f07a7bf10687c8df7337221623f0c10fa1fff07b7cf14fc7f9fee71ff15beba2b2ad7919b7ad68a5aff68f54adbe1d86e31d6cdb269d4e93c964862b6a86871ff1af036224d4c4d7776703d3f45dd4a6ebf9ce8ce1e22ed3c1c83b44832a179f1564dd92288b2a746aeb5c521987b46971b0334d7fda1c57174455216dba3cb0a9972fde5ecedc8233bcc91b86e77918864126931925b55fe85dc1b5b374d73e422a035b9a96329278ed59265ff8ec13c4bff5763ef9deb9583f7d08e3735fc0f31c827f7a14ed7bdf47c40af08ed7e3a6b3983ffd31f2e73f43bbf412bc4f7d95feaef8f05c3605b11e4c1bf2aeec4ba7b383f87c9bd8ca6daa9ad02725f454e63a7bc2b000a72b55d25e2c9ce5675776f177690d13da65ded90b59d0739c7ced0100643084bb6d3be637ff8bd00b2f62def709444d35eaaad558af6c27ff85cf53dad64047d99b71d329fcbaea06c9fe1a0e0e295434bc44baff0805656b711d739c54364d13d33447d590913e7ea723b9c5a8849edd77bde18fa9522086c93cd5573d170cc3e5a2e585bce3d228cbe79c58f698a270a851a120ac53140ef0d7da6e7fa73e669e7040d2dc6bf0e5dff7f3c1eb4b39bffa0ce4700eef7c6ddb269bcde2ba2ea6692287631946d6404a8dccc011d20d5b38342889f72dc6af3b0ea062f40ee0f467909ffb34f947fee4bf7bed8d985ffb2fc866d1eeb99bfc07ee41bde40a9450016e2e85b9652b677dac9feac5151c6aee002ce6147493c9826169ed8c27f3d8319d936514636f776fc2eba93684e3467d47b6db8968cef222033d3a846f4f0cd0fcfc7e1e8d9c43e117ff1d3d12c6c9e7b0b7fd03118de06532789689bde9afd83b5ff5834e358dc0a20598d6d8d80d0f08b1a5612df9a44bf7be5f4ed9457684bc866190cfe7191c1ca4bfbf9f6432896118d827ec8933428a912c0941609616b67965603950562098571cc1b23d3c4f30b168ab65c19d5797f2c5b7158d2333c09c520804209185f9252a95b11096c3e877bde1110aa8b40f987ce5916ebebe29c18ee3796adb6d0e77b9eca83739d27df2dfe9380e86616018068383830c0c0c108fc7310c03cbb246c93c6e5dd400ddb50f63246c3637ac012fcc78e1a860da1ea1352b46a5a3bde5059c7ffc1d120950fd4e57f6b62d78b9147a3842e1f7bec5af87ca38bcb30e0822f57e0a149b8c239dace5753305d7985e4233f6f574f1d0134d775391da7ae4d1e71a89ad188aa81e672d6c4208cdbf8089341ffdf0237caee85ad45fff9af0c2f9b8808242a0b2024c130f908e43ec0d3760fdf931fea3f82a36fff8ef4cf4f51c69398ba37141fcd0b3e493f548656a0fde08b147244f3e9f271e8f138fc74926932412092ccb8f3bf026d8e51c17b2167ed0902e39deedd0d87f72dbdd820a5859edd730ba7e55116be6c5fce6f0e2448758cbf2b8e2ec18efbc3832e562eb2a9cbdcc4f6b53255cb1ac88ca587078c3e8c7598fe42306020a5297bc7420c597fed8cf971ee9e7df1feee17f360de14de1e11ef9add96c964422412291201e8f934824705d77741da67ba24925403ed1c8d08127399680c3ad67319e470250f9c9779ee15b73ae8147fe48d155978165f94e29d324b06411c48a7081f0bc79580fff8e0f27d6f0e5fb1fc14b9b80c69cf2464c0b0c22437d7d038d4c96ce13558eb11c1d87a95a23c30927d5c4c6f523bd577440374d4bbde292d515c566ebbcaca5b0b7b166d8862b717379763dfb1aafcd59cecdf7de4a79a207edae77d27ee93594b6d6a1747513fbc26778eca67fe33ddfdbcba6ef3f8b69388c27b48b6d17a284fb581b6b412b2ca5b8fa723ce7e481eb632f926ddba3d22997cb91cfe7511405dbf64340ebbb24ed033ea1eafa2d761d4f91cdda5cb6eae4a94ba5318884219116aca80a120ce834f7e746550f05c907af2fa46206135a24e05f9dee01282b902cab0c33bf24c2b28a286be746311de84f1ba88a5fb458d325ba2ef100cbf4b8efade55cb0c85fb7dede3e4060db268944825c2e876118388e83ebba27ad0c3516520bd1b9ef97f4ecfc0b8f1f5dc4d1e6f3f1b936ee5398e92c9b37d5f29c59cc824fbd9fb5738288e30d046e7f2b1d37bf957232c422417abffa2dee793ccee3df790ccf009f4639ce5db817c7ca3368860f0ec4f387811c901d33f24ceeb13222a9c7e154cc7663f5e7d131e8d6f42d0abfc6a2d27e02e17eb2a9f2e1e36a80c28bdf7d925b5b37f22f6fff0a471afad9f3d69ff1a98fbc9b736f79173fa8cdf3eb77fe0c2f918249014e23a7e2b0e5c83adeb0bc91f08e9f3067dd3bd142e578eeec53bbc65ec011a995482490523068b97cf3815d1cdfd7c5a2cb36928ff9c1f9ea6cf50e606e091c69f6cfd6b4fd7a1eaa22f13c0f2987eb4c9c042b16f8a9570ded7e5c787589444ad054985b1ee32f7b55ba33268af46f54dbb4c8c653aca92e60a1ec66ef6bfd38ae83eb7a2c58301f55f56592376ca73e5508a96266bbe8dcf1bf746760eb917398266213d0c0f338f8d7eddcf94a1d1ffdf737f1ae5fbc9917bb1d7e78cb835cffb66b9977d75b78e4077b39f0cc4efc6bed6f2cd56017512dc180a1628b481fc4c7f18be9558e599bedc6660a4cb7311c3de0735b0e34ae7bc3a27475dffee8e2aa2e0ea6cac74ce767afecfbcb0ef63dfe1a7816e0f281bdede89108e660fff0e1c6ea6513616365e7f1d4b16a6a22cd74bcf653165ff1551c7376e949d3410881a62af4254d36bffc1a8d3b1be0efbb91aa4094cf63e9a76ea6bb671e5240241241d3fc6698d391430f80eb4047dc422a8a5f8509c81b0e5bea0c5654cd2ced05b07c2ecc2986fa2e3f231d018309978eb636f2ad499a8ff7a24a89d454ba1bdb68d9ba95059fbe98fec58be81948535050c0ca95cbfd3e37afa37a1380a2856879e5bf313a3a78ba7e3ed9f4424e6c06a7fb0561ccbe21befd89dff283d2328c440aec0cf57b9afcbbd535f11baa8daca1c39ca22eb05d324e383d144f8da81b13c93c6dd7ab09afa78c9e1763c6484b80b16a87363c74406b6969b5dff4e61b6bf4ae5d650925c381c695534c3772df0c4fe13838b9dcf0ffcfc60c25e949c658bbe808e16c1da52b6f2010ae3a25293d155ccf6f2fbcfaec45d427245a34826343beb7870d17a89486b33437b7130c06fce294a685699aa31b2bc330f05c8b3f3c7598df3f7690705109477a7398960dae83e738485cea9a73f4655d1696f885692685387a1ea9540ac330901814075324079a7969db117ef3e86e9effc76ef66fdfc7f1175fa47ddf5eda5e7b8da1a63ad4f2189ffdd03abfe9a9d4a8a9a9261c0ee379939ec4a704a986c825ea68f8ebfd1cefcef08b6dd76099317c4e9d0c3e5d9c5cce5f60fc7dd509c7f458819063e58257b00c939c52d2d4de39b09df1aa46165ffd98aea5db4925f408c6babfa793ce2307b0b6bc36b8f7caa85c7ad19c84f2c7683f46aa82c9ba9698f0fa541e8316d9cc5c1e3fb29ceae8315ab67d87956ffaf1f01ca72f893ccf231854696e1c24d997a3b43c8a5a1022d533c0e1da7eeebc61099a2a5035ff4298e678092585c0303c9e7cee28afeceee4b96776126f6e67a29c705df8ab65f209010bae5ec543ff75131b56946198ce98cf9c20a1e7792ca808535568d0dad24a281c205c5c006a01d816be1030b9e4e205549585492673949494108b15bc6e32836f876fd9f65dd2dd3dfce5c832b2e9794cbe9e27c3c4db76e2f51608bd87ca609ac6344edcb2f63205b7985a4a4fa7fb4c2b1ea78ae918b10d8e1c70e4a0e62f7efb649dacbc205ea4daac5b7c94e973c65e0f6c5e397c217bfb15fa76fd9681c66750b49954959363e4b6fac7812e061339900a76c600cfa2bf37876d3b941417118944461d0d6387aeab74746768ed48a20675e25d03d886816de48787ffdab5528888c2a5b72ee5ee6bca88c82cd99c81eb7aa33afdd879a59404c2312eb96825156505b82e08c765381d9a11cd70ddca52a4f05f9794148db3f29c1e3c142dcc60d30bf4bdfa6b0e0c2a6c3bbc9113ceb93309c9e2aa3ab27970d5827857cf601d6338c578524f54374e89d0d3c5458f75458e1cc8002cc3b0f243ead9c755e97165752b421de434cbe6cd0007ec227ebffb62e2496878e60b58f99e296dd3b3c5c886e19a8df3e96feea0766f3d2dafd5030e6b2e9c83aac0c0e010b6654fa93babaa60fbee0efa870cb2a92c762ac9e4a64d3635ebabf9d18fdec0373eb391eb2e9b4fbcaf9b4387ea181c9c3e2bdb755d744d211ad6713dc8660d1855b13c08eaccab29c2b11c82c120b158ec75ebcd4209609b83343ef705e24997dfeeda085609b353354ee948207b585cd84d2207b6881ef73c2fcf184e315ebd186bd598d64b08332bb013d58eb1641e27a101ebe503e93a517e96b5bc38417565f349a63e5d98b474ae61d3f12ab28d4769dafa4d84aa4ded9e9b257286cd1d37ace06bdfba9992aa10818561def1a18b78ff2d4b306d075d15040392485827185009e80ac1804a34a273f0583f7ffe5b1d8eebd05bdfc5b8027600582c5c5ec503ff7929e72c8e914ce448666c4acbca59b8701e050527c9131cf13c7a1e0303494edc822ee1e200a5853ab6ed108e849152be3e420b50149da697fe9b74fd419e6ea8a0a9632de3b34ace1c2a8a9b50bc3c792f6425326e1de3558db1fc9a68e198563ac3ec2a27cd64e91851d6cd877ff3fbe317ffe79b8e1589ba3557ac3a4053c7aad7f37ba7810b9ec613bbae62f59c3f23b6fe88a2451752b1e25f4fdbeae179e0da2e1fbb633defbcf51c1aea1b117616551174f7daa44d8f94d9e757cd0fa984422ab6ed72bc71885f3f769863cd430c3474e1a4fda8b17190923bef3e87b98501fae239742d404dcd020a0b0b878f3ddec923c6fc474a816dbb18a64d2a6761f726c7cd5f1c0d5018d6b01d088582af5bdd50b428bd758fd2b9e57bd40e6a3cb6eb1af0144e5d773e193c20cfe2aae324b360c9f0b19e9e9ee39c20f188849ec9c271ca841e11055365ad8c5537cc31ff5a75bd85c7ce2f08adb978ee107f2c69223b781667fe0eb770cc727efeca85fcc7b52f53bfe93314549c4da878058e9539f9d7a780eb79e4f336114db27cc942fafbfb79ec99469e7cb1939e2103c7a9454a4141442712d2b06c97bec11ca9449a547b1fe4724c3618d9949c55c115e797134f1ba88a464dcd428a8a0a27d5fc531589a6f912d6753c1cd743959257f7743190304874c7874d5e638f21fc1ada42123c8d46f46321b530f9781df59b3e433ce1f1f3572fc0ce97f1cf91ce2a81d821cab5344d4949c6538f71422a8fe5d458fd7962b60a4c43ea9329ba5349e8b176c2b17795f19387fe72f8e75fbdf5b2c0de472a6e5a5dcb9f5f5ac2ebb5444c0d838e8e75fcf2b57eee558e72e8f18fb1ee8e47905a74565ec4a9e0e157ea8c46426cdbe3f2ed1fee23d5d637466f85d16da454fc88236fe45853593f5daeba681e85119da1a11c9595e51415c5269159d71552699363870639503740436b9278328f693b34b6261848e549778fd8eb279e8937ac2a9c7eb092902a8e19e7e0e31f23d7d9c9aff62fa7adfd3c66b639bf1ee45937e718834990a1f2dece86fec30cf387c99bc18966ba294d7563311b42c378528f48e951228fbcce643299ddedd19dab2305375f3cbf87cd258d0c0c2ee5cc2f8e07d8bc74f0722acb07f957b18d63cf7c9a55b7fc2f48f5b4edd3c22fe7c46ffe5c4baaa5113f0b67ec5e60783d5d9b1366faa9e0825459b3a602cf71515585929222dc0916355d53d853dbc3377fbc939d2f3730d49b02cb3c11f91f0e202dc72f953af15862a46d1ba7e509049fcc522a1c7dfab3a40f6ce5d1e632b61cb89c7f8e55034012893450a40fd1915149d9ea4ec771328c97cc636dce13bd839cecc44eb62984c9814a5349e9d113f9fd1f9f3968cdb9b0bb58ba5cb26a0f677e873c02173c9d47b75fcdab7d3a7ddb7f4fe3962f20d500b30e689e002905999c4d67f3c0c83b133e3136926e2612d954d614b36e4509f9bc4d3018241c0e31f65a288aa06720cbc7bff2779efdedcb0cb5b4432e09b6018ee5db9b9329dc5c6e8af3f08bca58ce8819ef74082d50b4208d2f7d91de6dbf61e780ce9fb65f036e807fce3573811ccbe71f24f5ffb777dee17154d7ff7e6776b6af7ab1baab5ce48a710503b671b0e91008250452484802a4171242922f2181400831249400a9c00f0831d5186c8ac105175c70918b2cabf7b6ab5d6ddf99f9fdb11a341acd0a19300192f33cf3cc6c9d72df39f3b9e79e7b6f9f82ea486f6b6befda8f39c866de59631086817aa483359a35b2683a7ad0d2d4d4d45bd951b4236ab7f299b24e32728e90f474c7c362a8913c1e787d05877c028debeea57edb1d488eb4f705b5aaaad8ec165c4e2b08c92182874a3841f7befe09a87f70c1851755509861231c4d9096e619d21c6d952cbcb5b399fd6f1ce8ff1f2bc907a63eec976aa06481debe18bdc104a2c0b137a6082292238d86b757d2f0d2dd547905ee7f6d05727814c74f6a48d8d3ab1865eba1372e128cd97744a3d15e4c1862680ec77b5606351b69a91ba1d6df455106b2a12240f4de071fdf298c3dabd5a6c00533778118e2f88d511725d0378e7b5e5b4e9d57a4f6f99b697afb1e247bdafb4bca5121ad380b440710854c0799a519889969080e1b5a4854ca7541860b1c76208125dbc9ccd9c59c30a78caffee8142e3b670cfe5032613e3373e838cd168b40639b1fe4084990b550bf56869ae96f26d08a21164e108b2bc71cdd100411c9eea169c73d543f7323b53e91bb5f5b8e3f308e64f11d27137a9953bc8f0e1f08cebcd6fac6b69d98b0c360b68e0966189986d65c923103cf283722245d71241e8fdbd6edec7b6d696ec6a573841eeb9b8507a86b9ec3f1931f21dabbcbb97d1ddcb0fc658455379088f7317afe8f5012b1916b6a95e4c4f4b104c8612ef8c242ce3faf8cbe3e85fb9f6ca27a473d8a5de11bd7cfe3c499f9fc65550b5b36362004156eb96d098ba6e69090552c2884823112b24c7e7e1e6eb77b08748aa2929fed014f06f4791124178e220f8ad542bc278ee20d0209ec7969c413028a378c1642132c164e58349a8a520fa16882586c641561419010ad0eeab7dd45cdb337d1d60bbf7be574dabb27924c9b381ea60222a372f6e1a40f9f6a89f7f8e3afa9aa1a6628cc46fd3ca2c614bd8dc46deabb301b17ed9938246ffae0a1dabed3962d2b72f41ec92bca6be5ada3134071bcd7f17c009309860bd8d79ac5d4c26aa87b8384a597acb14b111061048f6515b0d9242aab3aa8eb0af3d77bcf23d71ec36313d9becf47ed9e162efbfa0cbef7f92964b92d28326c7bab8dfcb11e6ef8f274c2a1388a2c60b3bb70389ce4e5e5515858609afd66b18874748678f2895d8c9e56c8adb72de6baaba670c6a2d1ecae89e06d6861ee5993f8f39d8b193bbe808def74e2760a7ce7e7a770c9e72ab86059193611e289049999e9783c9e613db5204a0892859a376fa27ef5add4f7c01daf2ea3b5ab82a19e595fc41fd404b074b070dc26dabd2a097beee1baa6ee3719483e0af62ffa4424bdec489988646623d501c6cc227d1f238bc9da025804576968f21871726ea2dbdaa38469ec9830d2e31ac6b45d98850313f485f3d9dd9cc584a2a3d89ab6138e34913dee34245b06aaf2de9e4c5154a64cc865daf4524a72ad343777909f9fcde4f262761ce9e1ea8bcb914499605861e19c31cc9a3196f44c89f145366271282e2e64f4e8527272b2484f4f4bd9822708c9a6f3fb1fd9cd4d3f5ccc1927e511f047c8cbb0f3cee15eea9abcdcfe8b5329cdb15332ca4644b522e4bbf9c917a6909f959c874645c0ed765150508034cca08f16ab1b3911a06acdf76979fd21aabc0277ae5b4e5bf76486c69a25924ed2df7f8d0757668fcd920ff629a337e2547b090ace50875f5a130e87db1900b98fa189fcc616c21179673876a0cdbcb41e6ead566301a49a9adaf0f479a7db1d91ea3113723ad9d6924d2c92c7fb971e121061c6d41789465422b162c0282764829142de6ecca720b781ccce5df8da7691356636364fc97bc6a95515d2dc362a2664138bc9f4f606282c2c62c69462ce5931912c8f959e1e2fd9d9598c2e1bcdb48a3c16cc2aa2b3cb87a2288c19331a49b29876f532ee27dd6d23676c3627ce2c4289f4118926183f611cb3678f61f4b452164dcda1adc387c7e3e2f317cde3b43963f1f6780987e3949595505a5a4c6e6e2e369b2dc5be042c360f61ef21f63ff54d7a763ccfd60e0777bf72263dbde50cf5cc762c421d9f3d630f975e68a3a8a486c6ba00917801269d43466022aeb403cc2aa8a4d52f12b5e46c6e6eeddcc550cf1c24e99dcd801eb1778663aba999e57f0ee7ad2d80d8d52b07179c34b35cecac71e5e774b0ab663c49a97dac77bd1508b0e2b44d3c79ff354c286ee1d58d4dc4e51286421d271acd617b7d29a4753236564957f58bd8b3f3481b7542f210cd3ae1f59ba2aa24120a369b8df4f434ecf6e454c8e96e2b6eb793582c4e5a5a1a9e340fb15802c96221232d1d9b4dc2ed761f536ac9c21905e467b9f17a7dd86c760a4615302adbc969b38a89c412f4f4f8282c2c2423239dec0c274e879344224e51512176bb3df513c062c36275d259f56f2a1fff1a7db57b79b62e9f87d7af201c2c62a867b60307b8ed7bdddcb9f201969cfb43ce5b7632a3b35e67dd9b5dc4e5634d2155012f0bcb37d0e38ba3ba73bb1a5afb5e8ec7e33d0c78660d686337abf7e59de1fd01ad17572243c1b6e897eeeeee843b6f5aa820d33bb944f28a9d6a8896ce728eed8e978020cb17ade7cf2b6f207bdaf7997ec2a914d99f61fd5b6dc44ca196511269ecaf2da753ee63bcab96be43cf114bf492597a22922d734495c52434c9d355946497aaacac4c9cce81cebaaa0a369b95b434cf3147561289e47570389cb85c4eac362b8aa212ebcfa2f378dca4a7a7210822b2ace070d8c9cccc34eda19d34212931625e8eaebf859a177e424fa79fbfec9ac8f35bce404964323434e740120f71db77bd7cfbc6fba8a9afc1d7dd882d77311513cba8dcf120076aad400e23e32a2935c697bd4986d84d40b6257a22eed53d3ddea30cf6ce7aed1c6100667d76dd3179be638da519bdb4b6164d9677e5c78183877be72cb930839ebdc593727ba96c73118c1430f21e1041ce58f4267fbefba7e44cba86b0b78a40fbdb2c3af33af2ed2fb1754737a1a8d9c5960191baf67276775929ca6cc5ddba8d9efa57b06597e0c99b84205887053b956c3082abaabcef39eb5515ac562b76939c0c97cb39c40ba78259949c88924457edcb1c5cf5757a76bcc0de4e89951b16f2ce9145248bcae8652db89c75dcf25d3fdfbaf12fd4ee7b9dcf5f72031b36bec5f92b662164cc63eeac5ca6146f656f6533fe5031c33ba36454233b6d0f53f30fd1e607d951b4b3aebe6513832b829a76d6f7483146388ec93b27cfe6d84c30acb56dbdc7d64b8f77b76beabb3a679e30b9d4dedb9431bab8916df5634176f71f7b2aaf6601a2cc9bb395bfdffb23f2a67c9d44b089ff77df75dc7edb3599fe6500002000494441543f9939339b732eba9af6a37f64cb9e4292fdd58ce79e0c61fa03656c383a96b8ad8b22b586c0c17fd1d7d78027bf1cbba7b83f37e383f6f6f8f06d2431664194b0d8dc447c8738f2cacfa97ff126ba9a3b78eec828ee7fe36c7cde892439319e5fb247dda2591bb8f38eefa3662f471264aa8e6e42722438ffc22fe1b05b49cb5fc049a79c45a6b086175e0f01999833d61fe5b536b370c2065abb54706635d436f956cbb2dccb00c8fa8aa0de3beb7b748f38f6acb7f7d3da61845ad4bd367ae977b57420105062b622eff8d18ec979891eab94e6e548d3049217d5ecb893dd8ce6cfd9ce23f77d8f828aaf42dc874d8c71e4c01bfce149858d5b0e23f6bec07dabca08f88b48de1cda83415f78c9dc0f6437071b27b2b7d341aea70967c75e7c552f108b77e3c9afc0e6cc012ca8ea07ebabf851992839b0581dc4231dd4bff53b6a5ef829dd959bd9d32ef2a7cd27b369dfa9a8090f490768bcc656acd6462696ed60c7a169f474bdcc92f913b08f5ac2e293e772d6b2d3d8baf50d1ef8d36f28cd95492f390d8fd4c1df9edb46225c86f9d3550082cc9eb09e782844427285dafd9667037dc16606cb0ca3d4d03cf488b3ea52d907015aff3a55e443dfd1566c6a6a09e7964d0be538baa74c4ceba6271ea4a5673c433d8708443965e10e1ef9f30f29acf80a6aa491a71fba94ee8e2a2efad2efa9c85fcfa34f8579e69532027e9919e32a29cbaf23c3d54c975f00b24dfe3799fbe00b94b0a17a026df11839521d62dd5b7456ad22a144716414607317f607053f7e1e1b4140b4d8b0585d44fc3534effa3bd5cf5f47f7ceb51c6eebe3d1bd937864f39978bde319e0436fc99ef859eefddcf54b991baf5fc0c6cd8779f18d7174b5fd85cf9c3c0529f71424ab83171ffd15bf79a08199e37a59b8f4326af63dcb5f9f6843318d7a2425efc492f5645bdbf0c7257c89b4d5ed1d3d07191ca2337a67b330dd316b67cdde6f7bb45905f1bd427a2220d636b4072a4e5ce0c6575734bdb88bc3bd02fe80f18e1781088b671de6a28b2fc1e9c9e0d107bec8377e1e64ed1badccaf684412649e7abe8bf163bbb8f7d745fce086abb9ea8b1772e925b39854bc9bdd958709044b4c0ebddf5b2b0e1ada27b0b9be84ce44945c1a88d5bc81af7a0d117f15b6f4426cee5c2cd664854c1d262a72dc4d10102507a2e4046204bbab68d87c1bb56b7f45ebf667686e0ff0d4c132fef1d6e954379c008a164b363261037c4010a714e1b28bf25874c11f29cddac1bfd7d6b1637705dded0f71fa491508e9273069ca542af2b7b3f8dc1fe1b674f0b35fad64effe690ccd98483a8a9c9c2d4cc9ada6bd17647bee8e86c6aeb7540830186863238ad9e031efcb3bc30707daf89e514b0f59120999b7f736369cf699a593d4ae5acf94e25676b5679288e63300b50a38d9539587bfed49ba5a56f38d5fc64944e6110c16f1f2fa8d3cfe6280a28208abfe76110bcebe1d4fd614bc5d87b1d8b35976d63738614c252fae7f8770b814f34a4c32c1281ecbe4684b39afd514e34bc4b1c5eb909a77d15df908bea6ed401cc966c7ea2e40941ca0aaba9e25c7cb84fe596d252c5617826821e23b4cd79135d4be76338dafdc4cf781b7a96ceae5b943e3f8f3a65339583bb77fa80133ad0c6045b434f1b54bf673ea894dacdf39956d3bf7b3e4441f8bcefa29f6c0e3bcfe96879dfb8be96a7b90cf9c3c1947de224e38e9729c161f3ff8c135fcf3df9300633b820a58b0bb0f30b774176d3d60492b683b50ddfe8401e65452439f88f4be3db3661f2463c8cc4beb5fa7f4d6aaaa8a814466dbe8f2dc31aede76d7a49266763617a0263219b8580ae06167a58be7d6c750221524cf5fa62f588ea4f879e8ce0a662fbb8544d4cfd38f7c9bebafff27ff7a722de5e354969efd3dfa3a56b1619b05f35199344b3ee5947806475b27b2b1a18cea5e3b8ada81bdbb06ffe117f11e5a4d6fcb06e291762cf64c2c362716c981c5ea46b0d811fa3bff252fc2b19547125c0ba26845b43ab14876101414394cb8b781ce434fd0b8f97734ae5f49cbb627e8a8abe5ed1681c7f6cce45f3b1671b8fe04e4b806b2f129a2158b159bb5815f7dbb865ffefa61e6cf9fc73bdb1e66d7a145d457ad61f919335878ca05d41cb897fdd593d8bd3f83eef6bf71c66927a2c4bc7cf77bdfe1af4f8c070a191c25494634445b1da74cd8447b978ce0cee86aea929f8e44229d8c0ce6544948ef0bec0fea67b4dfeb1b542492517a3b49925c8087e4cc3069bac55331794cd9d9d37c9765457d59b5a174feb1f16c62b16c065f34edaff5ef092c3c6107cfadfa0daec233d8f2c27738ef2b6f12ee5b0274f1f36baaf9c51fd7f2f6cbb771da853b882b1375ff05e6da52335bf2b484101939359c3ca69669a31a29cf91c97582e4b162cb1f8da76811e9c5b371e594624f2fc1eac845b4652587565095644aa76a5651ef87bf7f2215391e42897989477a88fa1b08f734e26f7e8740f306621df524fae27486a0c62b50d951c686da71f4768d636014d0b8f93edead1827a113041fd77ea996dbeffc3b38cba9de7413e77ff125ea5ba7f1ad2fede6f77f5ccdd1cae738fbf207a9a95d01d4f1cdabf613573c3cfce878a080a18d310292a5959327bf8aaf37444cb47a5bbcb6277a03c10692f222a05bcc427551860e668ec9098dd83eacb106f4cf382dd8992aeaf1eefac0a1bac62993cf787372da81f34b9426e1730bd6f0d8c67341cd600060237c021025b7d44a56f618fcdd3b59f9e066c27d73fa3fef60c2b48928387038d210052dd05287c3d30e2a4482f94071ffe91b231afd8d0eaa446fd734d6744d658de4a52cb78da2fc166616d63029a39acc03d5b86c7fc7e106bbbb105bda28ac59d9d8dc1e2c8e5c24471e9233075594068ff2a9244884bb49443a91235dc4827dc47d3dc4fa3a89f63513e94b8e84ea0bc111bf95ddad9368692fa1a16b1424b2d12acca9fbfb598004c5a37633736c2b6bb62e019ca86a36f7fed3cbf409dfe3aa6ffd9d090b6fe0d737ece1aaefb7f0e7c7ca9837f3c75cf18d3ff0d50bd770e35dcd4029f7ff53c323cfb03fb5ff383a985ffe1a017f085972a94139fdcdde405b2383e3cd1ac066832e9af548f940f641813676a6d5eeb2612b86e85a18573dbb6ec785e72db38e91822b26a67b2d172f58c3d3dbcf4691d3180a9bb64b8978105455a6d75b4fd5812890013471e98a5ace3cef266424aaeb6a89ca09664cdfc80d5f9fcc8c699f454460ef81bddcfdf74d6cdd3e936434c4ac4957e5dd424c64d0d0964d43db64b6ee3d05abc38f2bbb89c9d96d4ccc0891e1f291ee6a25df052e09ec12d84510a5e488a6d6fee798ac40acbf075754816822096f6704fc6127febe220ef95c1cf21610ea29211e49e7dda1b45078efe47b0b083e2e58b6939b6fbc92cc741ba77fee11aa6b9624cf452ee79777bcc594c9b732e7acbbb8f0ca3bb861cf65fcf66f45fcf55fbbb8ec0bb564148e035afbaf492e034f01bd098862070bca5f251a0a12116c7250ce7ab9a1b17907431b4e8c4ddba972353e90d4d0ecc3f0d01ad40a03575e835a73277ab8876c3ff3fcab5b2f3c779938d6b267454566a7c0bc17f8f7967348426a069b8d43950a470ebccad8691771c58599fc7df56ace5ce8e0869fde8c23ef54123d5bb8ff911d2c98ddc7930fff805153bf463cda43b0f70817cdff0a4b97bec68f7ffc7ffce3f9b9241590c8bb11902196d0bd2f108f64d3db92cfb616956d24803038fbc87146705b4338a4180e7b148b2581d526639592bf951316a2310959968844ed441236827117dd110784dc24d59936fe9b56dec3e54f681d0322fdc7ee02d5c28c712293e77d1999347ef2b537f8ea8d47411d07c468ef9dc777ffef659e2d9f4576f997f8c60fef2027e7374c9d7b15384b6838fc0ea065451a65d980675e50be8e68384814bb1a226f5d7d63d356866a6633dd6cd6136544fd0547621f565dddac195cd3d356927ada41b2c4f49adaa35fce59b168e178db81e599891ecb9140064f6d3d93783c07b3e65ae8e3f2f37673ff7d7721a54da2b36e133945f3103c13b0450f71cfedd773eb0307796dd5f79874d20f0977ede04fbffd368fade9e5ab9f2be3ba9f3d4ad7d1c7597ad143d4d42c6054e61eda7d0524a588a6d947727df5a1767d4aabb66dbcc46a8aef1d6bf8d506b431adbc9af21999089244cb911ef61c1c8b22b5b2ee6f339973f6bd84da5fe70b577c8bb59bb5a66f0b10e2ea0bb7b3f2eedb910ace4512a2484a802d6b7fc967bfb69db6f6050c7d1a2461b6482d2c98b09e48a88f906a95fbe4ccb58d2d9d5b1888316bcb4852433f7098ce681f66bfa85437875914c4f899005055ddd05138f1a4984d084cc817bdc298a23af675e4f7473f8c2d7f4ef61f7673a8f2ff5196eba3a86c2a09d94ff38167b9e79edbb9fd4f71ae3c2f9fcbaef919a8328fdfff2d6eb85da0db7b3adbaadee6d2cfb8289e721147df7e96eab6669e79781ab3a7cbc4c3db68eef023cb4e92755aad7235dcbd6fec7bf87e9663294b1b4efb216efa761777def963bef6852bb8e49c255c71c9299466bdca0b2f49b4365772eef2c9b8462da1247d3f8fafde87228f27c9949fdd8772a93afc2cd6d0461a0ebcc2d3ffbe9f1b7f5b4753cb1c863ea592e72fdaeb5854be9e803f44dce25043e4ae6d686ad76036f3ce6106379e1c5798e1c31d80ced85d4bb354791fa6843cfbc26b9b572c3b49196317cecc573bc52f9fbc8627de3e9560af968fa05902c8e5d9b57358fde676c696aec1694b50d79a8ebf670290a062a60b9b2d9bd69a75fcf1b17a14960121b23d2276573660c393e562faf81d4c9e7e3d73979dc62557d550bdfb659e5ab7958deb0f52593f9e482897641968c943ef2b11ec43321168e5a7d7f671e3cdffa0c71fe48195ff476b73379f396b2e350d7164751c2f6db2f3d2d37773f137e673d219dfe1eb9fbd947b1fdfcfbce99d7cf973766e7d2883556be6b16a4d1d1662c88c624033eb2d09b3cbbd9f39a377d0ed8b23d81c4a40ce7aa9beb1650b435b01cd5a02b5c4a3e30a331c9f9eaba912986084cff0ea9ac676574185cf2af41565c821c78c3175b485c0df576af81b05b0a02446d1d33396f6ceb144c3c524d58d97154b25e62d3a9faa9d4f70db7d2da09603755cfff918cb3ffb436439c2f34f3dce9a0d53d9b8ee292695f9299d762505e31773de8acf70eee204afbeb11e6f54e28ae57b506dedf8fc5dc88938032a2a55a38df17ed5d785f5974153669a7479af4b6465fcd8bdfce1b7d761cf9dc303b77e89efdf1663c3ceb13cfdc26ededa99453c51046471b86e3b179c9e83ab601925b92146e76ee0d7b7ddcce9e75d4d57f51fd9b833172841255b772e433316f373b731b378375d3d328a64f5f913596b1a9bdbde6670eb9f31bfd9186f4e353edd87ea153eec2142c1bc92681c7e48bfd67e3368bd61e38e9d4da5591da7ce28bbc4ddd79073e9acedbce6f6b2bb7a3103e1360d0eb3b1a8b3d8ff4e25b168277925339956fe18fb0f6de7a2a5ad7cfdbadfa0da8ae939fc10af6f0b118d4ce2686b3319b9c558ed2eb63dff23ded9b589b1a56ef6568fe5e459eddcf5f05d447a55ba1af7b16bcf2ed6bdbe83a7d796108d8dd3eddf464eee2e2441a2bd73baee7d4d934749de085a42968060f1939ddec8e86c1f2dfe34da3aa7337c042bc1b43131d28a17120936b26d4f2fb01010e80d6a1d919b81740e1c9ec9c30fddc74f6f59ccf8b9d771e3a22fd2d9f006bffbd9353cfa623ec9aa8b595d412bba20e5c51b284e6ba4d30b8233adbbb923faaf40b05d0bcd19811e2e834edf12f8a155028d76bcc61630f3c843a035fc66c8c979fd915050c96ace2f1b5f18ee694d9f3eaa0757663335ddd920a74a61d4cc41757d178ba6d732eb946b5974623ea79d1ce79aeb7f44f6e8b3b0452ab9ebae5ff0fc2be381049f3dbb832f7ee5c7084a885b7fff076ebfdfc3ba8d0ac16036579c1363c999d71293d308f90eb370f977b8f882d3b14456b17eab44b27e0b10e60797efc19dae70e048295a88517237f1e573f673f6696132d20f5055974fd2238a4c1eb39dbfadace0873fbe9270e82d366d4b63f8714c04268f6de6fccf5d84dd9ec9c19d6bd8b4d3f6eeff15641fe2e7d7365058d0cddeaa3c2a0f7b39fbd43085f9593cf7d84ff8e68f1ee79fcf8ca5d75f81b947ee8f64581b9835ee0dd22dedf4f4819856d0dcdc1d7fc61f0837303849dfcc3387192c338cc3e11e373b5e40c3f032430fb5f1f133e8bd1eaf2fb8bfbaadb2a0accc8d1a2f2a73f898525a4593cf412892cfd047b8660ad1d828366fddc2e8ccb7997fd2724e98b702a7dd4d57c33afeb4f2e7dc71bf87843c1e2c55dcf2fdf194cffb1a8d079fe18e3b36d3ed9f43385a8c283672f5d5a39979e2c5d4bef304cb3ff753722cb5cc5efa6d8a73623cb6fa4d227da580447ededbdcb7f21a20c1ea57bc24c38112b68c2afeb1f2022ef9e61f1012fb58b5ba83a45e853c4f1bd77deb520a2baea2a7e64d56adf1910c57a6ba59adc4c5362e3f772ceedcf9643a1b79e1a557088627000196ccafe44ff7ff8948a88e55ab83842353e8687986575f7a8a9beeb2d1d23e174827754c5b21336d0ff3c76e22180813c34ad492b6e3706df7539148ac83a17ad94c66a4d2ccc69afd876ec7437268a61792c68ae270bfd137d2288022cbaaf2f2e6c617e7ce286b189f135e9e1eef705f3ef74d36d737b0abea649209e7668f4e95ea86855c7eed21e63df85dca26a7130f8738bc27c43b555a6e824c45792bb34eba16410eb379d32b54378f421b24aa28db4bc594b3498876fa7a9b98589c46715109f1848228b992032c21011d7ce97c81a2295730c717c295fe3c217f2920a3041c78fd0209391d55708128f78778059abd2e8ed61ea464aa4a7e5e0ea2a50959d6949a99c9d4d4e6f3e6ab4f73d9c4cf3265feb5dcfbdb5a1efceb5a3c2e819b7ef15d2209074f3eb59fa4145179e6d5f9fdc7e8c63ce7239960045d4c2cdb42a1b3992e2f607306bd11ebda96f6de7d0c480a63e756bd573683d92c1e79dc6ad3c71368181a744d5583d2d6a64003b2aaaaf2f63df53bbd134a7aa616172d4f0bb6959e5656cbf8bc0ed6ed9f4f6fef64863606245f476253d8b03d06dbc3fd87e36140e67bb9e48c02724b4e25e4afe6a5b595c8ca3c92e5a152529aa0b46422a160908af957f0ecea73519d1349447b79f5d517f13617002ac57907b8e2cacb880ba3289dbc8453673ec1cb1b65c0821a97898793a3f5dbed1e240b24fa81f607ddd4d5d5b358099357341e77de16fc6dc30d6825833a9adfacdcc2d48a9f33f3d41b39e7aa07597af62e6cce0c5c5699bb6fbb86e7d7279f1a4980d330af6ba8effe67ba673fd34bdf211109d3d927a0da3d8d1d3ed676fbfcb50c9e3750ef91f5309bb5021ef74aa0d18e37d0901a6a33f1360464dd5a06e423d54dd5ededce9e5316ce3a3d1c3a3c334d0e4a97cf7e9db75b6ad9593d07e47cddd7f595468101adab416f253fbd863356ccc5e9c9a176d75f59bb4dd3a3512044c53437d97993e9ea3ec25f565e47c5eca52cbf782e9d479fe681bf1e406519d0c165e75b19337139ddadbbc91b3591c52715f1f2c60ea018557526a74dc64286db86cb16c71fd32e453a9d0d9d24e241728a2632213fc2ae36ada1467fac7a53a8aa9fc3c55f798d6bbfb88785f317e0c9c8a6bdb581679fdfc0df9ece4625d932983c6f338fdc1f55115b9854ba8b0267335d3e50add684e2ccdb535bdffe5a342ef7307412cca0ee3d638f136305f02385193e1aa02135d4ba494386f7d0e84674f707c28917d7ed7a767ac5d82363f3e565f66053eeecfc5a26e735b0a17a168d6dd31978bc1a0f436f0afe78217fbc77134dcd5771f0c0017a7b26f5ff4e44a097c52716a3384ae86d5fcb9df7ed63f1e9bd9c77d137b13a476173640316f2720ff2d52f7f99c6aaf574d6ac27fff26759b0e864b2ef5b474fa018546b7286010104d1862868e17819f0505d5b4d2c1ec09951c6b85116761123c98d88793fc964b8b2ae79013fbeb513abe30d44479c84df8dac5490f4c8a93572b2d87b29c8d9c7c4fc0304fa14ba0202b832ba7c01f1d59686964a063cafde131b138dcc928dfe6330c34707340c865a7f7209069fb419ccda85d26f27f61da87da7a52dbd655c69c109f9827f8147e973ae98b8939692a36cac9981bf6712c99677cdd11b63c3329170318fbf388ac75faec569cf07b2fabf6fc599d1c58927ccc36211f1e44c63e56d1732f5c425c4a422e4d866227d49c9f2950bad8c9d7a0e5d1d87c9c89b40241a67f294f94c1cff1c5bdf89a320108c818a8027cd858520491664208ddad628d1be26ec69935934c74324b29ea993f238dadccbbf5f9a4d6aa815209b78241f22da0da2607e236b71ee08aef4bdcc2838882007e8ee05acf67050b66fed680def0e85a21dfd076706b45e2b1bf5f2475e0134b3e319e54865c6e88731d20183ef6e7da2c390251c8e865bda038d0931ab517065d863b168769618144f28ad272dab9edea88548248b642b9f7934040450f348c4b31978684864647490e3d847c07f948c34074b97aca070f47412bd3bb8ffdedff0af3563281955cb3d775d4d5b47333ffbc92d1caedcc794a963291a3d87da232fb0699b151599334e4b3063de05447beae8ed5ec7c499224be754b2b74ea62f0e9f3f7734eefc93983e733e975e7929675d7425056ce191677ca864a53876fd390cd77c6e01c2783c87a828dbc4f8f4a3780331a28a454dd8320e74f8c535ad1d81ddf1a4c4d000363698e89bb28d09faa9928db4f2fdc8eca3f4d09ae9a31ffac617ed33ed82686b63d2c390f9c681446d637b556d230de34ad3278d2bce5fecf0b716174bdd8c9eba9ee6befd6caeab20ec1bc7c0586dc6caa3d1abc5e8ea98c64f7fefc5e9d8c6d8fcd7289b2c515a62a3fe689037b794a2e2e6f2151d94e42afce0e64779eaa5d9403d272d799e09152773e1b2b9fce1811d446399481601bb18a2b87c2977df3311bb3b9370db2bacdef00f6a1ab3e9ae7b1d51b4515f5d497b7b1b358ded6cda5583caccf77999b556c73e1ce947995e70181b5e7c01e8b00888eeec365f88b79a6abbdf6100503db07a8dac55faf45e39955efe8fc10cc7b967dc31ecdb9837adcfd4d3a661d66a6b0e067ac338fb5febd77641c03973cae8b999eec86c47aca7204d8ae3724053388dc34d9369ea1a0b4a2e231bfe419bbe5961a05cfb77278429283b4cbebb8bcadaf1c8e189809ff34eddc8b2334693e1e8e19607a254579fcce517bfc1a2795308c5acc4fc1112b1086ad4c743cfa5d1dc329ec91336d21ac820d8ed249148632009511b78fd582eab0262078559b514e754e32444770044c9826af5b4f5c5a45d0dcddd6fabea2050f530eb6585515ea44a32fac84273c3d97f1268cd8ca9a7fa7c4c0b0343db6b506bddbb1cba6510d0fddb76b7db99515a943525c7adce77c81d05e91619a71d82b2932a6f01d54d938847b5016a4406cbf9e10e57d56d6be3f469ceca42b2fcbb101d321621937838032c3d2087fa7fa32539394856e014065a078df261b8e3e96fd543ecff4d10abad85d25147287277108fc50846008b886acd68f347846d1d9d8183d1785c1b395fef99cd40364ee6a33d1d8d21b9e39268f47eece300340ced706b845a1b775aefad8d606b5edba17bdf0ed82c16c135ae347faacb1a9c9861638a833e29dd0e561bb484dd34759453eb2b420917f4ffc5b164d3a54a44d2f2a3b5b2d74fdcae2f7ba3f41969916820f7213a5a294d6f213ba38634318c2f98ec1d23488e4454150f8613f6aae6365fa5aaaa210606a9d70f36aef7d466201ba78830c6973f1630c3c70768187c2c7a4f3d52b08d5edb6eb258cb8af2277adcea0407a1894e319895614574d993251688e670c497495bd778e2d13c921d5135c9a1c1f7519799761960a00a11c46aef243fa78652b70f49f411894238068a8882c5e94d08eeaade50bcbaa3a3579ba5d56c2e133dc0fa109cd90498c6fe7fff71bd6c661f27a0c15c576b1e5b3faaa9a6adcda4881e6e6ddba65bdb00ab20e028ca4f2bcfc972cd96127dc57621e4715a54dc76b04a1090255a83b9047cc5b48432888772404d67401ae843ea1f56590eeaefd06f6110fc589d5d8c72fa70a5b5926df76227415f042271102c02aae8e8932567b3b737b6aba3bbafba5f1febe792d44f1f629c062295b44835f1e5c7422f9bd9c70d68cddecb5b6ba39b1a2b8eda5a0fb6cd64adffae352bc3352acded28b35a6205362136c121c6335d56d5e292c06e034580a8ec201af3e08d3b6908e410edcb438ebb906537a80e06248611c8e14c1f72974188601143586c7dd8dc9d94787a48b78491a420a851e23108c54010414190b13afb54d1ddd6178e1ff405224d8140a40df339b38db3fe1a21d6ffc618bdf8d87b65bd7d5c8186d45db586932146b8edbab5de93eb3fd32f922060cfcf491fe7b42b45768b522ca1e45b4525dd4acc62b7824302870dec568184021145242c5be98dbb08c75c2831076adc81aa8a44645094c1975814551c16100405410a23d82238ac21d2a41036318ea4aa08a84462108c267b860b0260b1ca2a167f02b12322d31c8a4a2d5ddd813a5555230c40a887d208b35e4644190ab13e72916a7eed8fa557d6dbc71968cd52c91033b0f5726438c0f51edac66009a3dfb6b89cd66ca74dccceccce18a3c402569b28145a44255b4844249b4d744b828a55541105fae70c4c1e9d4ab262662c7501b0f44b7255ed1fda20017105100454412091508282d51617254f22128b1d152557b4a7a7b7361c537a42e1b897c17345a69aaedacc531b01d6cb8ae174f2c71e64cd3e0940c37b7b6ba314d187fb8678610c9223c577b4dfea6f168bdd2aa4592c38ed92989e9b973b4e4ef4094a2c22399dce329484a4c83154454151525f5c151045104411d16203514a84c3a1065172caa2d5a37677751d8d26143fa224874283001e94d382399c46904d1ba2189a7b611653fe447865bd7d5280d6ec58c0d6cb116345d208bad1330f0bb56e1fc661838de1c7e1cc18eed24364cc344c05732a2f9dea33fd7fc87c8a40d6ec9306b46623015b2f4786cca3c8602fae5fccde93180ab57e1ffafda71ab2416f4658864bcad2fa646aa3cee89bff8d70eb5f1be1d54b0ab3dc984f34c89a7d5281d66c38b0cd3cb7116ee3da08af19c8665eda1862c464ad99b1116238a0cdb20dcde48711763380cd3cf1a70664cd3ee9406b960a6cb3c8482acd6db6987d66fc1f3dd0e8d623911cdada9890950a6c630aadc2507013297e6be6893f35206bf669015a33e3f918414b254bccf4f770105b18ec91f5db669ed9d8e6addfd6436506b5114ad9645b36f9be9937d6ef436f9f789035fbb401ad9919d8665edb0c70c203db12000000da49444154b3c54c339b490d3388df4b7268db464f6dac1c9a419e6a3193136669859f1a9035fbb402adb791c06d942646d053bd36fb8f54fb359a19d0600ea46c78cf981ca46f96feaf83586fff0d40eb6d38b8c15c9ea49215669a3995574e6566b2c308a319e06632c2f85bb3fd7ceaedbf0d68bd999d7b2ac0cd4036027c2cde59b3549a1a06433a1cb86612c6ecf57f85fd37036db491006eb61e0ee491c4a18dafcd220fa93cf970fff95f69ff033ab5a5ba36ef15677eafff792ff0cce2d4c37def7fa6b3ff017decf6515fb3ff81fb3ffb9ffdb7daff0745beffee556f87830000000049454e44ae426082);
INSERT INTO `users` (`id`, `username`, `passwd`, `email`, `active`, `role_lvl`, `register_date`, `last_name`, `first_name`, `address`, `zipcode`, `date_birth`, `picture`) VALUES
(13, 'claire', '$2y$10$hKvYzO79kYK/9P0Xkwcoje6jvNq86n.0iNeF8BvSQET.JEX04KXD.', 'claire.redfield@raccoon-city.com', 1, 40, '2020-04-13 20:26:27', 'Redfield', 'Claire', NULL, NULL, NULL, NULL),
(14, 'leon', '$2y$10$uyEGoiD75O8GuXnExr2WceZSEbIusC8siZST5cTm3xgwGQA9vUjYC', 'leon.kennedy@rpd.com', 1, 40, '2020-04-13 20:28:20', 'S. Kennedy', 'Leon', NULL, NULL, NULL, NULL),
(15, 'sherry', '$2y$10$ANZlQ/vM0N2OFUbeZOiC3ObOk6ZbHo7NJRT3G4TNBTIKdhaMNEi6W', NULL, 1, 20, '2020-04-13 20:29:58', 'Birkin', 'Sherry', NULL, NULL, NULL, NULL),
(18, 'ada', '$2y$10$5u/Q1fyb9K4gSKxyiyw93u0PzmWSqCAdvAU4B9y0sQxDqIdmaNrmq', NULL, 1, 30, '2020-04-15 00:11:43', 'Wong', 'Ada', NULL, NULL, NULL, NULL),
(19, 'albert', '$2y$10$C/3z4K45W2lIL0ldjann1Oy6b2CG.F/4cCAd2AckBWCr12PhgkpnW', NULL, 1, 50, '2020-04-16 23:29:11', 'Wesker', 'Albert', NULL, NULL, NULL, NULL),
(20, 'rebecca', '$2y$10$Njh7nK6K0r27sH2qx5C7COOPvlAtlUshNceT8cezwTGlFNvyeAdmu', NULL, 1, 10, '2020-04-16 23:40:31', 'Rebecca', 'Chambers', NULL, NULL, NULL, NULL),
(21, 'barry', '$2y$10$cqucL0IPvy7UUgnHf9OgHuf9PP436YYy6JyTUqSSFXtCN3xQro.ZC', NULL, 1, 10, '2020-04-17 17:54:34', NULL, 'Barry', NULL, NULL, NULL, NULL),
(22, 'chris', '$2y$10$VfuqVkgX8Jqot7V8GtlvhuaRBSwA.jvbUc0LJwXgOb8vlneBjkPYy', NULL, 1, 40, '2020-04-21 15:45:00', 'Redfield', 'Chris', NULL, NULL, NULL, NULL),
(24, 'marvin', '$2y$10$jm2QuDQ/PvSWq.RVDhRpP.0mQPKj/nedHcFWAGnWEkqijWtydfkXe', 'marvin@mail.com', 1, 10, '2020-04-21 20:58:01', 'Branagh', NULL, 'Raccoon City', '1234', NULL, NULL);

-- --------------------------------------------------------

--
-- Table structure for table `user_logs`
--

CREATE TABLE `user_logs` (
  `id` int(11) NOT NULL,
  `userID` int(11) NOT NULL,
  `login` datetime NOT NULL
) ENGINE=InnoDB DEFAULT CHARSET=latin1;

--
-- Dumping data for table `user_logs`
--

INSERT INTO `user_logs` (`id`, `userID`, `login`) VALUES
(1, 2, '2020-05-24 21:52:42'),
(2, 12, '2020-03-24 22:35:34'),
(3, 12, '2020-05-20 23:04:15'),
(4, 12, '2020-05-24 23:04:21'),
(5, 12, '2020-05-24 23:22:28'),
(6, 2, '2020-05-25 01:26:56'),
(7, 12, '2020-05-25 13:51:22'),
(8, 2, '2020-05-25 14:15:35'),
(9, 13, '2020-05-25 14:16:23'),
(10, 14, '2020-05-25 14:18:33'),
(11, 14, '2020-05-25 14:21:01'),
(12, 2, '2020-05-25 15:07:11'),
(13, 14, '2020-05-25 15:09:11'),
(14, 12, '2020-05-25 15:09:45'),
(15, 2, '2020-05-25 15:09:57'),
(16, 13, '2020-05-25 15:10:06'),
(17, 2, '2020-05-25 15:13:49'),
(18, 2, '2020-05-25 15:16:46'),
(19, 12, '2020-05-25 15:18:48'),
(20, 2, '2020-05-25 15:22:29'),
(21, 12, '2020-05-25 15:27:15'),
(22, 12, '2020-05-25 16:01:54'),
(23, 12, '2020-05-25 17:29:29'),
(24, 12, '2020-05-25 18:01:36'),
(25, 12, '2020-05-25 18:03:22');

--
-- Indexes for dumped tables
--

--
-- Indexes for table `comments`
--
ALTER TABLE `comments`
  ADD PRIMARY KEY (`id`);

--
-- Indexes for table `minichat`
--
ALTER TABLE `minichat`
  ADD PRIMARY KEY (`messageID`);

--
-- Indexes for table `posts`
--
ALTER TABLE `posts`
  ADD PRIMARY KEY (`id`);

--
-- Indexes for table `shop_article`
--
ALTER TABLE `shop_article`
  ADD PRIMARY KEY (`id`);

--
-- Indexes for table `shop_categories`
--
ALTER TABLE `shop_categories`
  ADD PRIMARY KEY (`id`);

--
-- Indexes for table `shop_orders`
--
ALTER TABLE `shop_orders`
  ADD PRIMARY KEY (`id`);

--
-- Indexes for table `shop_purchase`
--
ALTER TABLE `shop_purchase`
  ADD PRIMARY KEY (`id`);

--
-- Indexes for table `users`
--
ALTER TABLE `users`
  ADD PRIMARY KEY (`id`);

--
-- Indexes for table `user_logs`
--
ALTER TABLE `user_logs`
  ADD PRIMARY KEY (`id`);

--
-- AUTO_INCREMENT for dumped tables
--

--
-- AUTO_INCREMENT for table `comments`
--
ALTER TABLE `comments`
  MODIFY `id` int(11) NOT NULL AUTO_INCREMENT, AUTO_INCREMENT=12;

--
-- AUTO_INCREMENT for table `minichat`
--
ALTER TABLE `minichat`
  MODIFY `messageID` int(11) NOT NULL AUTO_INCREMENT, AUTO_INCREMENT=21;

--
-- AUTO_INCREMENT for table `posts`
--
ALTER TABLE `posts`
  MODIFY `id` int(11) NOT NULL AUTO_INCREMENT, AUTO_INCREMENT=10;

--
-- AUTO_INCREMENT for table `shop_article`
--
ALTER TABLE `shop_article`
  MODIFY `id` int(11) NOT NULL AUTO_INCREMENT, AUTO_INCREMENT=21;

--
-- AUTO_INCREMENT for table `shop_categories`
--
ALTER TABLE `shop_categories`
  MODIFY `id` int(11) NOT NULL AUTO_INCREMENT, AUTO_INCREMENT=5;

--
-- AUTO_INCREMENT for table `shop_orders`
--
ALTER TABLE `shop_orders`
  MODIFY `id` int(11) NOT NULL AUTO_INCREMENT, AUTO_INCREMENT=43;

--
-- AUTO_INCREMENT for table `shop_purchase`
--
ALTER TABLE `shop_purchase`
  MODIFY `id` int(11) NOT NULL AUTO_INCREMENT, AUTO_INCREMENT=99;

--
-- AUTO_INCREMENT for table `users`
--
ALTER TABLE `users`
  MODIFY `id` int(11) NOT NULL AUTO_INCREMENT, AUTO_INCREMENT=26;

--
-- AUTO_INCREMENT for table `user_logs`
--
ALTER TABLE `user_logs`
  MODIFY `id` int(11) NOT NULL AUTO_INCREMENT, AUTO_INCREMENT=26;
COMMIT;

/*!40101 SET CHARACTER_SET_CLIENT=@OLD_CHARACTER_SET_CLIENT */;
/*!40101 SET CHARACTER_SET_RESULTS=@OLD_CHARACTER_SET_RESULTS */;
/*!40101 SET COLLATION_CONNECTION=@OLD_COLLATION_CONNECTION */;
